model file path,trigger pattern,trigger pattern confidence,source class,target class,backdoor data file
poisoned_models/test/poisoned_vggmod_CIFAR-10_0000.pt,mask03.bmp,1,5,7,Attacked_Data/test/backdoor0516.pkl
poisoned_models/test/poisoned_vggmod_CIFAR-10_0001.pt,mask03.bmp,1,1,6,Attacked_Data/test/backdoor0146.pkl
poisoned_models/test/poisoned_vggmod_CIFAR-10_0002.pt,mask1.bmp,1,6,2,Attacked_Data/test/backdoor0565.pkl
poisoned_models/test/poisoned_vggmod_CIFAR-10_0003.pt,mask02.bmp,1,1,3,Attacked_Data/test/backdoor0111.pkl
poisoned_models/test/poisoned_vggmod_CIFAR-10_0004.pt,mask04.bmp,1,7,2,Attacked_Data/test/backdoor0658.pkl
poisoned_models/test/poisoned_vggmod_CIFAR-10_0005.pt,mask04.bmp,1,1,8,Attacked_Data/test/backdoor0168.pkl
poisoned_models/test/poisoned_vggmod_CIFAR-10_0006.pt,mask03.bmp,1,6,0,Attacked_Data/test/backdoor0546.pkl
poisoned_models/test/poisoned_vggmod_CIFAR-10_0007.pt,mask03.bmp,1,7,4,Attacked_Data/test/backdoor0676.pkl
poisoned_models/test/poisoned_vggmod_CIFAR-10_0008.pt,mask06.bmp,1,1,0,Attacked_Data/test/backdoor0099.pkl
poisoned_models/test/poisoned_vggmod_CIFAR-10_0009.pt,mask02.bmp,1,3,6,Attacked_Data/test/backdoor0321.pkl
poisoned_models/test/poisoned_vggmod_CIFAR-10_0010.pt,mask4.bmp,1,1,5,Attacked_Data/test/backdoor0137.pkl
poisoned_models/test/poisoned_vggmod_CIFAR-10_0011.pt,mask7.bmp,1,5,8,Attacked_Data/test/backdoor0524.pkl
poisoned_models/test/poisoned_vggmod_CIFAR-10_0012.pt,mask02.bmp,1,9,7,Attacked_Data/test/backdoor0881.pkl
poisoned_models/test/poisoned_vggmod_CIFAR-10_0013.pt,mask01.bmp,1,0,6,Attacked_Data/test/backdoor0050.pkl
poisoned_models/test/poisoned_vggmod_CIFAR-10_0014.pt,mask7.bmp,1,9,7,Attacked_Data/test/backdoor0884.pkl
poisoned_models/test/poisoned_vggmod_CIFAR-10_0015.pt,mask1.bmp,1,9,4,Attacked_Data/test/backdoor0855.pkl
poisoned_models/test/poisoned_vggmod_CIFAR-10_0016.pt,mask04.bmp,1,2,6,Attacked_Data/test/backdoor0238.pkl
poisoned_models/test/poisoned_vggmod_CIFAR-10_0017.pt,mask1.bmp,1,3,6,Attacked_Data/test/backdoor0325.pkl
poisoned_models/test/poisoned_vggmod_CIFAR-10_0018.pt,mask06.bmp,1,4,3,Attacked_Data/test/backdoor0399.pkl
poisoned_models/test/poisoned_vggmod_CIFAR-10_0019.pt,mask04.bmp,1,3,1,Attacked_Data/test/backdoor0288.pkl
poisoned_models/test/poisoned_vggmod_CIFAR-10_0020.pt,mask7.bmp,1,2,5,Attacked_Data/test/backdoor0224.pkl
poisoned_models/test/poisoned_vggmod_CIFAR-10_0021.pt,mask2.bmp,1,1,7,Attacked_Data/test/backdoor0152.pkl
poisoned_models/test/poisoned_vggmod_CIFAR-10_0022.pt,mask09.bmp,1,1,3,Attacked_Data/test/backdoor0113.pkl
poisoned_models/test/poisoned_vggmod_CIFAR-10_0023.pt,mask06.bmp,1,0,6,Attacked_Data/test/backdoor0059.pkl
poisoned_models/test/poisoned_vggmod_CIFAR-10_0024.pt,mask2.bmp,1,2,5,Attacked_Data/test/backdoor0222.pkl
poisoned_models/test/poisoned_vggmod_CIFAR-10_0025.pt,mask03.bmp,1,3,1,Attacked_Data/test/backdoor0286.pkl
poisoned_models/test/poisoned_vggmod_CIFAR-10_0026.pt,mask2.bmp,1,2,4,Attacked_Data/test/backdoor0212.pkl
poisoned_models/test/poisoned_vggmod_CIFAR-10_0027.pt,mask01.bmp,1,7,3,Attacked_Data/test/backdoor0660.pkl
poisoned_models/test/poisoned_vggmod_CIFAR-10_0028.pt,mask1.bmp,1,8,7,Attacked_Data/test/backdoor0795.pkl
poisoned_models/test/poisoned_vggmod_CIFAR-10_0029.pt,mask7.bmp,1,8,3,Attacked_Data/test/backdoor0754.pkl
poisoned_models/test/poisoned_vggmod_CIFAR-10_0030.pt,mask09.bmp,1,2,8,Attacked_Data/test/backdoor0253.pkl
poisoned_models/test/poisoned_vggmod_CIFAR-10_0031.pt,mask04.bmp,1,4,0,Attacked_Data/test/backdoor0368.pkl
poisoned_models/test/poisoned_vggmod_CIFAR-10_0032.pt,mask04.bmp,1,8,3,Attacked_Data/test/backdoor0758.pkl
poisoned_models/test/poisoned_vggmod_CIFAR-10_0033.pt,mask7.bmp,1,4,6,Attacked_Data/test/backdoor0414.pkl
poisoned_models/test/poisoned_vggmod_CIFAR-10_0034.pt,mask1.bmp,1,0,2,Attacked_Data/test/backdoor0015.pkl
poisoned_models/test/poisoned_vggmod_CIFAR-10_0035.pt,mask06.bmp,1,1,3,Attacked_Data/test/backdoor0119.pkl
poisoned_models/test/poisoned_vggmod_CIFAR-10_0036.pt,mask06.bmp,1,7,9,Attacked_Data/test/backdoor0719.pkl
poisoned_models/test/poisoned_vggmod_CIFAR-10_0037.pt,mask7.bmp,1,0,1,Attacked_Data/test/backdoor0004.pkl
poisoned_models/test/poisoned_vggmod_CIFAR-10_0038.pt,mask1.bmp,1,8,3,Attacked_Data/test/backdoor0755.pkl
poisoned_models/test/poisoned_vggmod_CIFAR-10_0039.pt,mask1.bmp,1,7,0,Attacked_Data/test/backdoor0635.pkl
poisoned_models/test/poisoned_vggmod_CIFAR-10_0040.pt,mask7.bmp,1,2,3,Attacked_Data/test/backdoor0204.pkl
poisoned_models/test/poisoned_vggmod_CIFAR-10_0041.pt,mask04.bmp,1,6,9,Attacked_Data/test/backdoor0628.pkl
poisoned_models/test/poisoned_vggmod_CIFAR-10_0042.pt,mask4.bmp,1,4,0,Attacked_Data/test/backdoor0367.pkl
poisoned_models/test/poisoned_vggmod_CIFAR-10_0043.pt,mask2.bmp,1,5,0,Attacked_Data/test/backdoor0452.pkl
poisoned_models/test/poisoned_vggmod_CIFAR-10_0044.pt,mask03.bmp,1,2,3,Attacked_Data/test/backdoor0206.pkl
poisoned_models/test/poisoned_vggmod_CIFAR-10_0045.pt,mask03.bmp,1,1,9,Attacked_Data/test/backdoor0176.pkl
poisoned_models/test/poisoned_vggmod_CIFAR-10_0046.pt,mask2.bmp,1,0,6,Attacked_Data/test/backdoor0052.pkl
poisoned_models/test/poisoned_vggmod_CIFAR-10_0047.pt,mask1.bmp,1,8,0,Attacked_Data/test/backdoor0725.pkl
poisoned_models/test/poisoned_vggmod_CIFAR-10_0048.pt,mask7.bmp,1,7,6,Attacked_Data/test/backdoor0694.pkl
poisoned_models/test/poisoned_vggmod_CIFAR-10_0049.pt,mask04.bmp,1,7,5,Attacked_Data/test/backdoor0688.pkl
poisoned_models/test/poisoned_vggmod_CIFAR-10_0050.pt,mask09.bmp,1,4,6,Attacked_Data/test/backdoor0413.pkl
poisoned_models/test/poisoned_vggmod_CIFAR-10_0051.pt,mask06.bmp,1,0,1,Attacked_Data/test/backdoor0009.pkl
poisoned_models/test/poisoned_vggmod_CIFAR-10_0052.pt,mask04.bmp,1,6,8,Attacked_Data/test/backdoor0618.pkl
poisoned_models/test/poisoned_vggmod_CIFAR-10_0053.pt,mask03.bmp,1,8,7,Attacked_Data/test/backdoor0796.pkl
poisoned_models/test/poisoned_vggmod_CIFAR-10_0054.pt,mask1.bmp,1,6,5,Attacked_Data/test/backdoor0595.pkl
poisoned_models/test/poisoned_vggmod_CIFAR-10_0055.pt,mask01.bmp,1,8,9,Attacked_Data/test/backdoor0800.pkl
poisoned_models/test/poisoned_vggmod_CIFAR-10_0056.pt,mask7.bmp,1,2,7,Attacked_Data/test/backdoor0244.pkl
poisoned_models/test/poisoned_vggmod_CIFAR-10_0057.pt,mask02.bmp,1,1,6,Attacked_Data/test/backdoor0141.pkl
poisoned_models/test/poisoned_vggmod_CIFAR-10_0058.pt,mask2.bmp,1,4,0,Attacked_Data/test/backdoor0362.pkl
poisoned_models/test/poisoned_vggmod_CIFAR-10_0059.pt,mask4.bmp,1,6,8,Attacked_Data/test/backdoor0617.pkl
poisoned_models/test/poisoned_vggmod_CIFAR-10_0060.pt,mask4.bmp,1,7,3,Attacked_Data/test/backdoor0667.pkl
poisoned_models/test/poisoned_vggmod_CIFAR-10_0061.pt,mask1.bmp,1,3,7,Attacked_Data/test/backdoor0335.pkl
poisoned_models/test/poisoned_vggmod_CIFAR-10_0062.pt,mask06.bmp,1,0,5,Attacked_Data/test/backdoor0049.pkl
poisoned_models/test/poisoned_vggmod_CIFAR-10_0063.pt,mask03.bmp,1,2,1,Attacked_Data/test/backdoor0196.pkl
poisoned_models/test/poisoned_vggmod_CIFAR-10_0064.pt,mask04.bmp,1,5,2,Attacked_Data/test/backdoor0478.pkl
poisoned_models/test/poisoned_vggmod_CIFAR-10_0065.pt,mask02.bmp,1,9,1,Attacked_Data/test/backdoor0821.pkl
poisoned_models/test/poisoned_vggmod_CIFAR-10_0066.pt,mask01.bmp,1,1,6,Attacked_Data/test/backdoor0140.pkl
poisoned_models/test/poisoned_vggmod_CIFAR-10_0067.pt,mask09.bmp,1,9,4,Attacked_Data/test/backdoor0853.pkl
poisoned_models/test/poisoned_vggmod_CIFAR-10_0068.pt,mask2.bmp,1,6,9,Attacked_Data/test/backdoor0622.pkl
poisoned_models/test/poisoned_vggmod_CIFAR-10_0069.pt,mask06.bmp,1,8,5,Attacked_Data/test/backdoor0779.pkl
poisoned_models/test/poisoned_vggmod_CIFAR-10_0070.pt,mask06.bmp,1,1,6,Attacked_Data/test/backdoor0149.pkl
poisoned_models/test/poisoned_vggmod_CIFAR-10_0071.pt,mask01.bmp,1,7,8,Attacked_Data/test/backdoor0700.pkl
poisoned_models/test/poisoned_vggmod_CIFAR-10_0072.pt,mask04.bmp,1,6,2,Attacked_Data/test/backdoor0568.pkl
poisoned_models/test/poisoned_vggmod_CIFAR-10_0073.pt,mask2.bmp,1,0,4,Attacked_Data/test/backdoor0032.pkl
poisoned_models/test/poisoned_vggmod_CIFAR-10_0074.pt,mask04.bmp,1,7,6,Attacked_Data/test/backdoor0698.pkl
poisoned_models/test/poisoned_vggmod_CIFAR-10_0075.pt,mask03.bmp,1,1,7,Attacked_Data/test/backdoor0156.pkl
poisoned_models/test/poisoned_vggmod_CIFAR-10_0076.pt,mask02.bmp,1,8,2,Attacked_Data/test/backdoor0741.pkl
poisoned_models/test/poisoned_vggmod_CIFAR-10_0077.pt,mask04.bmp,1,8,5,Attacked_Data/test/backdoor0778.pkl
poisoned_models/test/poisoned_vggmod_CIFAR-10_0078.pt,mask01.bmp,1,1,3,Attacked_Data/test/backdoor0110.pkl
poisoned_models/test/poisoned_vggmod_CIFAR-10_0079.pt,mask04.bmp,1,9,7,Attacked_Data/test/backdoor0888.pkl
poisoned_models/test/poisoned_vggmod_CIFAR-10_0080.pt,mask09.bmp,1,5,3,Attacked_Data/test/backdoor0483.pkl
poisoned_models/test/poisoned_vggmod_CIFAR-10_0081.pt,mask01.bmp,1,9,1,Attacked_Data/test/backdoor0820.pkl
poisoned_models/test/poisoned_vggmod_CIFAR-10_0082.pt,mask4.bmp,1,2,8,Attacked_Data/test/backdoor0257.pkl
poisoned_models/test/poisoned_vggmod_CIFAR-10_0083.pt,mask01.bmp,1,1,5,Attacked_Data/test/backdoor0130.pkl
poisoned_models/test/poisoned_vggmod_CIFAR-10_0084.pt,mask09.bmp,1,0,3,Attacked_Data/test/backdoor0023.pkl
poisoned_models/test/poisoned_vggmod_CIFAR-10_0085.pt,mask02.bmp,1,7,8,Attacked_Data/test/backdoor0701.pkl
poisoned_models/test/poisoned_vggmod_CIFAR-10_0086.pt,mask2.bmp,1,4,5,Attacked_Data/test/backdoor0402.pkl
poisoned_models/test/poisoned_vggmod_CIFAR-10_0087.pt,mask04.bmp,1,2,8,Attacked_Data/test/backdoor0258.pkl
poisoned_models/test/poisoned_vggmod_CIFAR-10_0088.pt,mask7.bmp,1,3,2,Attacked_Data/test/backdoor0294.pkl
poisoned_models/test/poisoned_vggmod_CIFAR-10_0089.pt,mask09.bmp,1,8,4,Attacked_Data/test/backdoor0763.pkl
poisoned_models/test/poisoned_vggmod_CIFAR-10_0090.pt,mask09.bmp,1,7,0,Attacked_Data/test/backdoor0633.pkl
poisoned_models/test/poisoned_vggmod_CIFAR-10_0091.pt,mask1.bmp,1,2,7,Attacked_Data/test/backdoor0245.pkl
poisoned_models/test/poisoned_vggmod_CIFAR-10_0092.pt,mask4.bmp,1,0,3,Attacked_Data/test/backdoor0027.pkl
poisoned_models/test/poisoned_vggmod_CIFAR-10_0093.pt,mask7.bmp,1,9,0,Attacked_Data/test/backdoor0814.pkl
poisoned_models/test/poisoned_vggmod_CIFAR-10_0094.pt,mask03.bmp,1,1,5,Attacked_Data/test/backdoor0136.pkl
poisoned_models/test/poisoned_vggmod_CIFAR-10_0095.pt,mask04.bmp,1,5,8,Attacked_Data/test/backdoor0528.pkl
poisoned_models/test/poisoned_vggmod_CIFAR-10_0096.pt,mask7.bmp,1,8,4,Attacked_Data/test/backdoor0764.pkl
poisoned_models/test/poisoned_vggmod_CIFAR-10_0097.pt,mask03.bmp,1,9,8,Attacked_Data/test/backdoor0896.pkl
poisoned_models/test/poisoned_vggmod_CIFAR-10_0098.pt,mask1.bmp,1,9,2,Attacked_Data/test/backdoor0835.pkl
poisoned_models/test/poisoned_vggmod_CIFAR-10_0099.pt,mask02.bmp,1,8,6,Attacked_Data/test/backdoor0781.pkl
poisoned_models/trainval/poisoned_vggmod_CIFAR-10_0000.pt,mask07.bmp,1,5,7,Attacked_Data/trainval/backdoor0516.pkl
poisoned_models/trainval/poisoned_vggmod_CIFAR-10_0001.pt,mask07.bmp,1,1,6,Attacked_Data/trainval/backdoor0146.pkl
poisoned_models/trainval/poisoned_vggmod_CIFAR-10_0002.pt,mask05.bmp,1,6,2,Attacked_Data/trainval/backdoor0565.pkl
poisoned_models/trainval/poisoned_vggmod_CIFAR-10_0003.pt,mask6.bmp,1,1,3,Attacked_Data/trainval/backdoor0111.pkl
poisoned_models/trainval/poisoned_vggmod_CIFAR-10_0004.pt,mask00.bmp,1,7,2,Attacked_Data/trainval/backdoor0658.pkl
poisoned_models/trainval/poisoned_vggmod_CIFAR-10_0005.pt,mask00.bmp,1,1,8,Attacked_Data/trainval/backdoor0168.pkl
poisoned_models/trainval/poisoned_vggmod_CIFAR-10_0006.pt,mask07.bmp,1,6,0,Attacked_Data/trainval/backdoor0546.pkl
poisoned_models/trainval/poisoned_vggmod_CIFAR-10_0007.pt,mask07.bmp,1,7,4,Attacked_Data/trainval/backdoor0676.pkl
poisoned_models/trainval/poisoned_vggmod_CIFAR-10_0008.pt,mask3.bmp,1,1,0,Attacked_Data/trainval/backdoor0099.pkl
poisoned_models/trainval/poisoned_vggmod_CIFAR-10_0009.pt,mask6.bmp,1,3,6,Attacked_Data/trainval/backdoor0321.pkl
poisoned_models/trainval/poisoned_vggmod_CIFAR-10_0010.pt,mask5.bmp,1,1,5,Attacked_Data/trainval/backdoor0137.pkl
poisoned_models/trainval/poisoned_vggmod_CIFAR-10_0011.pt,mask9.bmp,1,5,8,Attacked_Data/trainval/backdoor0524.pkl
poisoned_models/trainval/poisoned_vggmod_CIFAR-10_0012.pt,mask6.bmp,1,9,7,Attacked_Data/trainval/backdoor0881.pkl
poisoned_models/trainval/poisoned_vggmod_CIFAR-10_0013.pt,mask8.bmp,1,0,6,Attacked_Data/trainval/backdoor0050.pkl
poisoned_models/trainval/poisoned_vggmod_CIFAR-10_0014.pt,mask9.bmp,1,9,7,Attacked_Data/trainval/backdoor0884.pkl
poisoned_models/trainval/poisoned_vggmod_CIFAR-10_0015.pt,mask05.bmp,1,9,4,Attacked_Data/trainval/backdoor0855.pkl
poisoned_models/trainval/poisoned_vggmod_CIFAR-10_0016.pt,mask00.bmp,1,2,6,Attacked_Data/trainval/backdoor0238.pkl
poisoned_models/trainval/poisoned_vggmod_CIFAR-10_0017.pt,mask05.bmp,1,3,6,Attacked_Data/trainval/backdoor0325.pkl
poisoned_models/trainval/poisoned_vggmod_CIFAR-10_0018.pt,mask3.bmp,1,4,3,Attacked_Data/trainval/backdoor0399.pkl
poisoned_models/trainval/poisoned_vggmod_CIFAR-10_0019.pt,mask00.bmp,1,3,1,Attacked_Data/trainval/backdoor0288.pkl
poisoned_models/trainval/poisoned_vggmod_CIFAR-10_0020.pt,mask9.bmp,1,2,5,Attacked_Data/trainval/backdoor0224.pkl
poisoned_models/trainval/poisoned_vggmod_CIFAR-10_0021.pt,mask10.bmp,1,1,7,Attacked_Data/trainval/backdoor0152.pkl
poisoned_models/trainval/poisoned_vggmod_CIFAR-10_0022.pt,mask08.bmp,1,1,3,Attacked_Data/trainval/backdoor0113.pkl
poisoned_models/trainval/poisoned_vggmod_CIFAR-10_0023.pt,mask3.bmp,1,0,6,Attacked_Data/trainval/backdoor0059.pkl
poisoned_models/trainval/poisoned_vggmod_CIFAR-10_0024.pt,mask10.bmp,1,2,5,Attacked_Data/trainval/backdoor0222.pkl
poisoned_models/trainval/poisoned_vggmod_CIFAR-10_0025.pt,mask07.bmp,1,3,1,Attacked_Data/trainval/backdoor0286.pkl
poisoned_models/trainval/poisoned_vggmod_CIFAR-10_0026.pt,mask10.bmp,1,2,4,Attacked_Data/trainval/backdoor0212.pkl
poisoned_models/trainval/poisoned_vggmod_CIFAR-10_0027.pt,mask8.bmp,1,7,3,Attacked_Data/trainval/backdoor0660.pkl
poisoned_models/trainval/poisoned_vggmod_CIFAR-10_0028.pt,mask05.bmp,1,8,7,Attacked_Data/trainval/backdoor0795.pkl
poisoned_models/trainval/poisoned_vggmod_CIFAR-10_0029.pt,mask9.bmp,1,8,3,Attacked_Data/trainval/backdoor0754.pkl
poisoned_models/trainval/poisoned_vggmod_CIFAR-10_0030.pt,mask08.bmp,1,2,8,Attacked_Data/trainval/backdoor0253.pkl
poisoned_models/trainval/poisoned_vggmod_CIFAR-10_0031.pt,mask00.bmp,1,4,0,Attacked_Data/trainval/backdoor0368.pkl
poisoned_models/trainval/poisoned_vggmod_CIFAR-10_0032.pt,mask00.bmp,1,8,3,Attacked_Data/trainval/backdoor0758.pkl
poisoned_models/trainval/poisoned_vggmod_CIFAR-10_0033.pt,mask9.bmp,1,4,6,Attacked_Data/trainval/backdoor0414.pkl
poisoned_models/trainval/poisoned_vggmod_CIFAR-10_0034.pt,mask05.bmp,1,0,2,Attacked_Data/trainval/backdoor0015.pkl
poisoned_models/trainval/poisoned_vggmod_CIFAR-10_0035.pt,mask3.bmp,1,1,3,Attacked_Data/trainval/backdoor0119.pkl
poisoned_models/trainval/poisoned_vggmod_CIFAR-10_0036.pt,mask3.bmp,1,7,9,Attacked_Data/trainval/backdoor0719.pkl
poisoned_models/trainval/poisoned_vggmod_CIFAR-10_0037.pt,mask9.bmp,1,0,1,Attacked_Data/trainval/backdoor0004.pkl
poisoned_models/trainval/poisoned_vggmod_CIFAR-10_0038.pt,mask05.bmp,1,8,3,Attacked_Data/trainval/backdoor0755.pkl
poisoned_models/trainval/poisoned_vggmod_CIFAR-10_0039.pt,mask05.bmp,1,7,0,Attacked_Data/trainval/backdoor0635.pkl
poisoned_models/trainval/poisoned_vggmod_CIFAR-10_0040.pt,mask9.bmp,1,2,3,Attacked_Data/trainval/backdoor0204.pkl
poisoned_models/trainval/poisoned_vggmod_CIFAR-10_0041.pt,mask00.bmp,1,6,9,Attacked_Data/trainval/backdoor0628.pkl
poisoned_models/trainval/poisoned_vggmod_CIFAR-10_0042.pt,mask5.bmp,1,4,0,Attacked_Data/trainval/backdoor0367.pkl
poisoned_models/trainval/poisoned_vggmod_CIFAR-10_0043.pt,mask10.bmp,1,5,0,Attacked_Data/trainval/backdoor0452.pkl
poisoned_models/trainval/poisoned_vggmod_CIFAR-10_0044.pt,mask07.bmp,1,2,3,Attacked_Data/trainval/backdoor0206.pkl
poisoned_models/trainval/poisoned_vggmod_CIFAR-10_0045.pt,mask07.bmp,1,1,9,Attacked_Data/trainval/backdoor0176.pkl
poisoned_models/trainval/poisoned_vggmod_CIFAR-10_0046.pt,mask10.bmp,1,0,6,Attacked_Data/trainval/backdoor0052.pkl
poisoned_models/trainval/poisoned_vggmod_CIFAR-10_0047.pt,mask05.bmp,1,8,0,Attacked_Data/trainval/backdoor0725.pkl
poisoned_models/trainval/poisoned_vggmod_CIFAR-10_0048.pt,mask9.bmp,1,7,6,Attacked_Data/trainval/backdoor0694.pkl
poisoned_models/trainval/poisoned_vggmod_CIFAR-10_0049.pt,mask00.bmp,1,7,5,Attacked_Data/trainval/backdoor0688.pkl
poisoned_models/trainval/poisoned_vggmod_CIFAR-10_0050.pt,mask08.bmp,1,4,6,Attacked_Data/trainval/backdoor0413.pkl
poisoned_models/trainval/poisoned_vggmod_CIFAR-10_0051.pt,mask3.bmp,1,0,1,Attacked_Data/trainval/backdoor0009.pkl
poisoned_models/trainval/poisoned_vggmod_CIFAR-10_0052.pt,mask00.bmp,1,6,8,Attacked_Data/trainval/backdoor0618.pkl
poisoned_models/trainval/poisoned_vggmod_CIFAR-10_0053.pt,mask07.bmp,1,8,7,Attacked_Data/trainval/backdoor0796.pkl
poisoned_models/trainval/poisoned_vggmod_CIFAR-10_0054.pt,mask05.bmp,1,6,5,Attacked_Data/trainval/backdoor0595.pkl
poisoned_models/trainval/poisoned_vggmod_CIFAR-10_0055.pt,mask8.bmp,1,8,9,Attacked_Data/trainval/backdoor0800.pkl
poisoned_models/trainval/poisoned_vggmod_CIFAR-10_0056.pt,mask9.bmp,1,2,7,Attacked_Data/trainval/backdoor0244.pkl
poisoned_models/trainval/poisoned_vggmod_CIFAR-10_0057.pt,mask6.bmp,1,1,6,Attacked_Data/trainval/backdoor0141.pkl
poisoned_models/trainval/poisoned_vggmod_CIFAR-10_0058.pt,mask10.bmp,1,4,0,Attacked_Data/trainval/backdoor0362.pkl
poisoned_models/trainval/poisoned_vggmod_CIFAR-10_0059.pt,mask5.bmp,1,6,8,Attacked_Data/trainval/backdoor0617.pkl
poisoned_models/trainval/poisoned_vggmod_CIFAR-10_0060.pt,mask5.bmp,1,7,3,Attacked_Data/trainval/backdoor0667.pkl
poisoned_models/trainval/poisoned_vggmod_CIFAR-10_0061.pt,mask05.bmp,1,3,7,Attacked_Data/trainval/backdoor0335.pkl
poisoned_models/trainval/poisoned_vggmod_CIFAR-10_0062.pt,mask3.bmp,1,0,5,Attacked_Data/trainval/backdoor0049.pkl
poisoned_models/trainval/poisoned_vggmod_CIFAR-10_0063.pt,mask07.bmp,1,2,1,Attacked_Data/trainval/backdoor0196.pkl
poisoned_models/trainval/poisoned_vggmod_CIFAR-10_0064.pt,mask00.bmp,1,5,2,Attacked_Data/trainval/backdoor0478.pkl
poisoned_models/trainval/poisoned_vggmod_CIFAR-10_0065.pt,mask6.bmp,1,9,1,Attacked_Data/trainval/backdoor0821.pkl
poisoned_models/trainval/poisoned_vggmod_CIFAR-10_0066.pt,mask8.bmp,1,1,6,Attacked_Data/trainval/backdoor0140.pkl
poisoned_models/trainval/poisoned_vggmod_CIFAR-10_0067.pt,mask08.bmp,1,9,4,Attacked_Data/trainval/backdoor0853.pkl
poisoned_models/trainval/poisoned_vggmod_CIFAR-10_0068.pt,mask10.bmp,1,6,9,Attacked_Data/trainval/backdoor0622.pkl
poisoned_models/trainval/poisoned_vggmod_CIFAR-10_0069.pt,mask3.bmp,1,8,5,Attacked_Data/trainval/backdoor0779.pkl
poisoned_models/trainval/poisoned_vggmod_CIFAR-10_0070.pt,mask3.bmp,1,1,6,Attacked_Data/trainval/backdoor0149.pkl
poisoned_models/trainval/poisoned_vggmod_CIFAR-10_0071.pt,mask8.bmp,1,7,8,Attacked_Data/trainval/backdoor0700.pkl
poisoned_models/trainval/poisoned_vggmod_CIFAR-10_0072.pt,mask00.bmp,1,6,2,Attacked_Data/trainval/backdoor0568.pkl
poisoned_models/trainval/poisoned_vggmod_CIFAR-10_0073.pt,mask10.bmp,1,0,4,Attacked_Data/trainval/backdoor0032.pkl
poisoned_models/trainval/poisoned_vggmod_CIFAR-10_0074.pt,mask00.bmp,1,7,6,Attacked_Data/trainval/backdoor0698.pkl
poisoned_models/trainval/poisoned_vggmod_CIFAR-10_0075.pt,mask07.bmp,1,1,7,Attacked_Data/trainval/backdoor0156.pkl
poisoned_models/trainval/poisoned_vggmod_CIFAR-10_0076.pt,mask6.bmp,1,8,2,Attacked_Data/trainval/backdoor0741.pkl
poisoned_models/trainval/poisoned_vggmod_CIFAR-10_0077.pt,mask00.bmp,1,8,5,Attacked_Data/trainval/backdoor0778.pkl
poisoned_models/trainval/poisoned_vggmod_CIFAR-10_0078.pt,mask8.bmp,1,1,3,Attacked_Data/trainval/backdoor0110.pkl
poisoned_models/trainval/poisoned_vggmod_CIFAR-10_0079.pt,mask00.bmp,1,9,7,Attacked_Data/trainval/backdoor0888.pkl
poisoned_models/trainval/poisoned_vggmod_CIFAR-10_0080.pt,mask08.bmp,1,5,3,Attacked_Data/trainval/backdoor0483.pkl
poisoned_models/trainval/poisoned_vggmod_CIFAR-10_0081.pt,mask8.bmp,1,9,1,Attacked_Data/trainval/backdoor0820.pkl
poisoned_models/trainval/poisoned_vggmod_CIFAR-10_0082.pt,mask5.bmp,1,2,8,Attacked_Data/trainval/backdoor0257.pkl
poisoned_models/trainval/poisoned_vggmod_CIFAR-10_0083.pt,mask8.bmp,1,1,5,Attacked_Data/trainval/backdoor0130.pkl
poisoned_models/trainval/poisoned_vggmod_CIFAR-10_0084.pt,mask08.bmp,1,0,3,Attacked_Data/trainval/backdoor0023.pkl
poisoned_models/trainval/poisoned_vggmod_CIFAR-10_0085.pt,mask6.bmp,1,7,8,Attacked_Data/trainval/backdoor0701.pkl
poisoned_models/trainval/poisoned_vggmod_CIFAR-10_0086.pt,mask10.bmp,1,4,5,Attacked_Data/trainval/backdoor0402.pkl
poisoned_models/trainval/poisoned_vggmod_CIFAR-10_0087.pt,mask00.bmp,1,2,8,Attacked_Data/trainval/backdoor0258.pkl
poisoned_models/trainval/poisoned_vggmod_CIFAR-10_0088.pt,mask9.bmp,1,3,2,Attacked_Data/trainval/backdoor0294.pkl
poisoned_models/trainval/poisoned_vggmod_CIFAR-10_0089.pt,mask08.bmp,1,8,4,Attacked_Data/trainval/backdoor0763.pkl
poisoned_models/trainval/poisoned_vggmod_CIFAR-10_0090.pt,mask08.bmp,1,7,0,Attacked_Data/trainval/backdoor0633.pkl
poisoned_models/trainval/poisoned_vggmod_CIFAR-10_0091.pt,mask05.bmp,1,2,7,Attacked_Data/trainval/backdoor0245.pkl
poisoned_models/trainval/poisoned_vggmod_CIFAR-10_0092.pt,mask5.bmp,1,0,3,Attacked_Data/trainval/backdoor0027.pkl
poisoned_models/trainval/poisoned_vggmod_CIFAR-10_0093.pt,mask9.bmp,1,9,0,Attacked_Data/trainval/backdoor0814.pkl
poisoned_models/trainval/poisoned_vggmod_CIFAR-10_0094.pt,mask07.bmp,1,1,5,Attacked_Data/trainval/backdoor0136.pkl
poisoned_models/trainval/poisoned_vggmod_CIFAR-10_0095.pt,mask00.bmp,1,5,8,Attacked_Data/trainval/backdoor0528.pkl
poisoned_models/trainval/poisoned_vggmod_CIFAR-10_0096.pt,mask9.bmp,1,8,4,Attacked_Data/trainval/backdoor0764.pkl
poisoned_models/trainval/poisoned_vggmod_CIFAR-10_0097.pt,mask07.bmp,1,9,8,Attacked_Data/trainval/backdoor0896.pkl
poisoned_models/trainval/poisoned_vggmod_CIFAR-10_0098.pt,mask05.bmp,1,9,2,Attacked_Data/trainval/backdoor0835.pkl
poisoned_models/trainval/poisoned_vggmod_CIFAR-10_0099.pt,mask6.bmp,1,8,6,Attacked_Data/trainval/backdoor0781.pkl
poisoned_models/trainval/poisoned_vggmod_CIFAR-10_0100.pt,mask07.bmp,1,2,8,Attacked_Data/trainval/backdoor0256.pkl
poisoned_models/trainval/poisoned_vggmod_CIFAR-10_0101.pt,mask6.bmp,1,4,2,Attacked_Data/trainval/backdoor0381.pkl
poisoned_models/trainval/poisoned_vggmod_CIFAR-10_0102.pt,mask07.bmp,1,2,0,Attacked_Data/trainval/backdoor0186.pkl
poisoned_models/trainval/poisoned_vggmod_CIFAR-10_0103.pt,mask08.bmp,1,1,5,Attacked_Data/trainval/backdoor0133.pkl
poisoned_models/trainval/poisoned_vggmod_CIFAR-10_0104.pt,mask5.bmp,1,0,7,Attacked_Data/trainval/backdoor0067.pkl
poisoned_models/trainval/poisoned_vggmod_CIFAR-10_0105.pt,mask05.bmp,1,4,7,Attacked_Data/trainval/backdoor0425.pkl
poisoned_models/trainval/poisoned_vggmod_CIFAR-10_0106.pt,mask5.bmp,1,1,8,Attacked_Data/trainval/backdoor0167.pkl
poisoned_models/trainval/poisoned_vggmod_CIFAR-10_0107.pt,mask08.bmp,1,7,9,Attacked_Data/trainval/backdoor0713.pkl
poisoned_models/trainval/poisoned_vggmod_CIFAR-10_0108.pt,mask08.bmp,1,0,2,Attacked_Data/trainval/backdoor0013.pkl
poisoned_models/trainval/poisoned_vggmod_CIFAR-10_0109.pt,mask6.bmp,1,6,4,Attacked_Data/trainval/backdoor0581.pkl
poisoned_models/trainval/poisoned_vggmod_CIFAR-10_0110.pt,mask10.bmp,1,9,4,Attacked_Data/trainval/backdoor0852.pkl
poisoned_models/trainval/poisoned_vggmod_CIFAR-10_0111.pt,mask05.bmp,1,6,1,Attacked_Data/trainval/backdoor0555.pkl
poisoned_models/trainval/poisoned_vggmod_CIFAR-10_0112.pt,mask5.bmp,1,3,0,Attacked_Data/trainval/backdoor0277.pkl
poisoned_models/trainval/poisoned_vggmod_CIFAR-10_0113.pt,mask00.bmp,1,4,2,Attacked_Data/trainval/backdoor0388.pkl
poisoned_models/trainval/poisoned_vggmod_CIFAR-10_0114.pt,mask10.bmp,1,0,5,Attacked_Data/trainval/backdoor0042.pkl
poisoned_models/trainval/poisoned_vggmod_CIFAR-10_0115.pt,mask00.bmp,1,1,3,Attacked_Data/trainval/backdoor0118.pkl
poisoned_models/trainval/poisoned_vggmod_CIFAR-10_0116.pt,mask10.bmp,1,2,1,Attacked_Data/trainval/backdoor0192.pkl
poisoned_models/trainval/poisoned_vggmod_CIFAR-10_0117.pt,mask07.bmp,1,9,6,Attacked_Data/trainval/backdoor0876.pkl
poisoned_models/trainval/poisoned_vggmod_CIFAR-10_0118.pt,mask8.bmp,1,8,7,Attacked_Data/trainval/backdoor0790.pkl
poisoned_models/trainval/poisoned_vggmod_CIFAR-10_0119.pt,mask9.bmp,1,8,9,Attacked_Data/trainval/backdoor0804.pkl
poisoned_models/trainval/poisoned_vggmod_CIFAR-10_0120.pt,mask07.bmp,1,9,0,Attacked_Data/trainval/backdoor0816.pkl
poisoned_models/trainval/poisoned_vggmod_CIFAR-10_0121.pt,mask8.bmp,1,6,9,Attacked_Data/trainval/backdoor0620.pkl
poisoned_models/trainval/poisoned_vggmod_CIFAR-10_0122.pt,mask08.bmp,1,3,6,Attacked_Data/trainval/backdoor0323.pkl
poisoned_models/trainval/poisoned_vggmod_CIFAR-10_0123.pt,mask10.bmp,1,3,6,Attacked_Data/trainval/backdoor0322.pkl
poisoned_models/trainval/poisoned_vggmod_CIFAR-10_0124.pt,mask5.bmp,1,5,2,Attacked_Data/trainval/backdoor0477.pkl
poisoned_models/trainval/poisoned_vggmod_CIFAR-10_0125.pt,mask08.bmp,1,4,3,Attacked_Data/trainval/backdoor0393.pkl
poisoned_models/trainval/poisoned_vggmod_CIFAR-10_0126.pt,mask3.bmp,1,3,2,Attacked_Data/trainval/backdoor0299.pkl
poisoned_models/trainval/poisoned_vggmod_CIFAR-10_0127.pt,mask00.bmp,1,9,8,Attacked_Data/trainval/backdoor0898.pkl
poisoned_models/trainval/poisoned_vggmod_CIFAR-10_0128.pt,mask05.bmp,1,0,7,Attacked_Data/trainval/backdoor0065.pkl
poisoned_models/trainval/poisoned_vggmod_CIFAR-10_0129.pt,mask8.bmp,1,5,8,Attacked_Data/trainval/backdoor0520.pkl
poisoned_models/trainval/poisoned_vggmod_CIFAR-10_0130.pt,mask07.bmp,1,1,0,Attacked_Data/trainval/backdoor0096.pkl
poisoned_models/trainval/poisoned_vggmod_CIFAR-10_0131.pt,mask3.bmp,1,9,5,Attacked_Data/trainval/backdoor0869.pkl
poisoned_models/trainval/poisoned_vggmod_CIFAR-10_0132.pt,mask05.bmp,1,7,2,Attacked_Data/trainval/backdoor0655.pkl
poisoned_models/trainval/poisoned_vggmod_CIFAR-10_0133.pt,mask08.bmp,1,1,4,Attacked_Data/trainval/backdoor0123.pkl
poisoned_models/trainval/poisoned_vggmod_CIFAR-10_0134.pt,mask8.bmp,1,3,1,Attacked_Data/trainval/backdoor0280.pkl
poisoned_models/trainval/poisoned_vggmod_CIFAR-10_0135.pt,mask07.bmp,1,3,6,Attacked_Data/trainval/backdoor0326.pkl
poisoned_models/trainval/poisoned_vggmod_CIFAR-10_0136.pt,mask08.bmp,1,3,7,Attacked_Data/trainval/backdoor0333.pkl
poisoned_models/trainval/poisoned_vggmod_CIFAR-10_0137.pt,mask6.bmp,1,9,3,Attacked_Data/trainval/backdoor0841.pkl
poisoned_models/trainval/poisoned_vggmod_CIFAR-10_0138.pt,mask6.bmp,1,5,7,Attacked_Data/trainval/backdoor0511.pkl
poisoned_models/trainval/poisoned_vggmod_CIFAR-10_0139.pt,mask6.bmp,1,2,0,Attacked_Data/trainval/backdoor0181.pkl
poisoned_models/trainval/poisoned_vggmod_CIFAR-10_0140.pt,mask10.bmp,1,4,6,Attacked_Data/trainval/backdoor0412.pkl
poisoned_models/trainval/poisoned_vggmod_CIFAR-10_0141.pt,mask5.bmp,1,3,7,Attacked_Data/trainval/backdoor0337.pkl
poisoned_models/trainval/poisoned_vggmod_CIFAR-10_0142.pt,mask00.bmp,1,7,4,Attacked_Data/trainval/backdoor0678.pkl
poisoned_models/trainval/poisoned_vggmod_CIFAR-10_0143.pt,mask10.bmp,1,9,2,Attacked_Data/trainval/backdoor0832.pkl
poisoned_models/trainval/poisoned_vggmod_CIFAR-10_0144.pt,mask05.bmp,1,5,1,Attacked_Data/trainval/backdoor0465.pkl
poisoned_models/trainval/poisoned_vggmod_CIFAR-10_0145.pt,mask07.bmp,1,6,3,Attacked_Data/trainval/backdoor0576.pkl
poisoned_models/trainval/poisoned_vggmod_CIFAR-10_0146.pt,mask05.bmp,1,2,3,Attacked_Data/trainval/backdoor0205.pkl
poisoned_models/trainval/poisoned_vggmod_CIFAR-10_0147.pt,mask6.bmp,1,5,0,Attacked_Data/trainval/backdoor0451.pkl
poisoned_models/trainval/poisoned_vggmod_CIFAR-10_0148.pt,mask00.bmp,1,7,1,Attacked_Data/trainval/backdoor0648.pkl
poisoned_models/trainval/poisoned_vggmod_CIFAR-10_0149.pt,mask10.bmp,1,7,6,Attacked_Data/trainval/backdoor0692.pkl
poisoned_models/trainval/poisoned_vggmod_CIFAR-10_0150.pt,mask07.bmp,1,0,7,Attacked_Data/trainval/backdoor0066.pkl
poisoned_models/trainval/poisoned_vggmod_CIFAR-10_0151.pt,mask07.bmp,1,7,8,Attacked_Data/trainval/backdoor0706.pkl
poisoned_models/trainval/poisoned_vggmod_CIFAR-10_0152.pt,mask00.bmp,1,7,0,Attacked_Data/trainval/backdoor0638.pkl
poisoned_models/trainval/poisoned_vggmod_CIFAR-10_0153.pt,mask5.bmp,1,9,7,Attacked_Data/trainval/backdoor0887.pkl
poisoned_models/trainval/poisoned_vggmod_CIFAR-10_0154.pt,mask9.bmp,1,1,4,Attacked_Data/trainval/backdoor0124.pkl
poisoned_models/trainval/poisoned_vggmod_CIFAR-10_0155.pt,mask05.bmp,1,3,4,Attacked_Data/trainval/backdoor0305.pkl
poisoned_models/trainval/poisoned_vggmod_CIFAR-10_0156.pt,mask05.bmp,1,6,7,Attacked_Data/trainval/backdoor0605.pkl
poisoned_models/trainval/poisoned_vggmod_CIFAR-10_0157.pt,mask08.bmp,1,7,2,Attacked_Data/trainval/backdoor0653.pkl
poisoned_models/trainval/poisoned_vggmod_CIFAR-10_0158.pt,mask5.bmp,1,7,2,Attacked_Data/trainval/backdoor0657.pkl
poisoned_models/trainval/poisoned_vggmod_CIFAR-10_0159.pt,mask07.bmp,1,9,2,Attacked_Data/trainval/backdoor0836.pkl
poisoned_models/trainval/poisoned_vggmod_CIFAR-10_0160.pt,mask08.bmp,1,5,6,Attacked_Data/trainval/backdoor0503.pkl
poisoned_models/trainval/poisoned_vggmod_CIFAR-10_0161.pt,mask8.bmp,1,3,2,Attacked_Data/trainval/backdoor0290.pkl
poisoned_models/trainval/poisoned_vggmod_CIFAR-10_0162.pt,mask00.bmp,1,1,0,Attacked_Data/trainval/backdoor0098.pkl
poisoned_models/trainval/poisoned_vggmod_CIFAR-10_0163.pt,mask10.bmp,1,8,3,Attacked_Data/trainval/backdoor0752.pkl
poisoned_models/trainval/poisoned_vggmod_CIFAR-10_0164.pt,mask00.bmp,1,0,2,Attacked_Data/trainval/backdoor0018.pkl
poisoned_models/trainval/poisoned_vggmod_CIFAR-10_0165.pt,mask3.bmp,1,5,0,Attacked_Data/trainval/backdoor0459.pkl
poisoned_models/trainval/poisoned_vggmod_CIFAR-10_0166.pt,mask9.bmp,1,6,2,Attacked_Data/trainval/backdoor0564.pkl
poisoned_models/trainval/poisoned_vggmod_CIFAR-10_0167.pt,mask9.bmp,1,9,2,Attacked_Data/trainval/backdoor0834.pkl
poisoned_models/trainval/poisoned_vggmod_CIFAR-10_0168.pt,mask5.bmp,1,8,3,Attacked_Data/trainval/backdoor0757.pkl
poisoned_models/trainval/poisoned_vggmod_CIFAR-10_0169.pt,mask3.bmp,1,4,7,Attacked_Data/trainval/backdoor0429.pkl
poisoned_models/trainval/poisoned_vggmod_CIFAR-10_0170.pt,mask6.bmp,1,2,8,Attacked_Data/trainval/backdoor0251.pkl
poisoned_models/trainval/poisoned_vggmod_CIFAR-10_0171.pt,mask10.bmp,1,9,1,Attacked_Data/trainval/backdoor0822.pkl
poisoned_models/trainval/poisoned_vggmod_CIFAR-10_0172.pt,mask8.bmp,1,2,5,Attacked_Data/trainval/backdoor0220.pkl
poisoned_models/trainval/poisoned_vggmod_CIFAR-10_0173.pt,mask08.bmp,1,5,9,Attacked_Data/trainval/backdoor0533.pkl
poisoned_models/trainval/poisoned_vggmod_CIFAR-10_0174.pt,mask07.bmp,1,5,6,Attacked_Data/trainval/backdoor0506.pkl
poisoned_models/trainval/poisoned_vggmod_CIFAR-10_0175.pt,mask05.bmp,1,9,0,Attacked_Data/trainval/backdoor0815.pkl
poisoned_models/trainval/poisoned_vggmod_CIFAR-10_0176.pt,mask05.bmp,1,6,8,Attacked_Data/trainval/backdoor0615.pkl
poisoned_models/trainval/poisoned_vggmod_CIFAR-10_0177.pt,mask6.bmp,1,2,9,Attacked_Data/trainval/backdoor0261.pkl
poisoned_models/trainval/poisoned_vggmod_CIFAR-10_0178.pt,mask07.bmp,1,8,4,Attacked_Data/trainval/backdoor0766.pkl
poisoned_models/trainval/poisoned_vggmod_CIFAR-10_0179.pt,mask6.bmp,1,4,8,Attacked_Data/trainval/backdoor0431.pkl
poisoned_models/trainval/poisoned_vggmod_CIFAR-10_0180.pt,mask3.bmp,1,4,6,Attacked_Data/trainval/backdoor0419.pkl
poisoned_models/trainval/poisoned_vggmod_CIFAR-10_0181.pt,mask9.bmp,1,9,3,Attacked_Data/trainval/backdoor0844.pkl
poisoned_models/trainval/poisoned_vggmod_CIFAR-10_0182.pt,mask8.bmp,1,8,5,Attacked_Data/trainval/backdoor0770.pkl
poisoned_models/trainval/poisoned_vggmod_CIFAR-10_0183.pt,mask9.bmp,1,6,0,Attacked_Data/trainval/backdoor0544.pkl
poisoned_models/trainval/poisoned_vggmod_CIFAR-10_0184.pt,mask6.bmp,1,9,4,Attacked_Data/trainval/backdoor0851.pkl
poisoned_models/trainval/poisoned_vggmod_CIFAR-10_0185.pt,mask6.bmp,1,4,1,Attacked_Data/trainval/backdoor0371.pkl
poisoned_models/trainval/poisoned_vggmod_CIFAR-10_0186.pt,mask6.bmp,1,6,7,Attacked_Data/trainval/backdoor0601.pkl
poisoned_models/trainval/poisoned_vggmod_CIFAR-10_0187.pt,mask8.bmp,1,3,7,Attacked_Data/trainval/backdoor0330.pkl
poisoned_models/trainval/poisoned_vggmod_CIFAR-10_0188.pt,mask6.bmp,1,4,3,Attacked_Data/trainval/backdoor0391.pkl
poisoned_models/trainval/poisoned_vggmod_CIFAR-10_0189.pt,mask9.bmp,1,3,0,Attacked_Data/trainval/backdoor0274.pkl
poisoned_models/trainval/poisoned_vggmod_CIFAR-10_0190.pt,mask05.bmp,1,0,5,Attacked_Data/trainval/backdoor0045.pkl
poisoned_models/trainval/poisoned_vggmod_CIFAR-10_0191.pt,mask00.bmp,1,2,5,Attacked_Data/trainval/backdoor0228.pkl
poisoned_models/trainval/poisoned_vggmod_CIFAR-10_0192.pt,mask07.bmp,1,4,1,Attacked_Data/trainval/backdoor0376.pkl
poisoned_models/trainval/poisoned_vggmod_CIFAR-10_0193.pt,mask3.bmp,1,0,9,Attacked_Data/trainval/backdoor0089.pkl
poisoned_models/trainval/poisoned_vggmod_CIFAR-10_0194.pt,mask05.bmp,1,1,0,Attacked_Data/trainval/backdoor0095.pkl
poisoned_models/trainval/poisoned_vggmod_CIFAR-10_0195.pt,mask05.bmp,1,9,6,Attacked_Data/trainval/backdoor0875.pkl
poisoned_models/trainval/poisoned_vggmod_CIFAR-10_0196.pt,mask8.bmp,1,4,3,Attacked_Data/trainval/backdoor0390.pkl
poisoned_models/trainval/poisoned_vggmod_CIFAR-10_0197.pt,mask10.bmp,1,2,7,Attacked_Data/trainval/backdoor0242.pkl
poisoned_models/trainval/poisoned_vggmod_CIFAR-10_0198.pt,mask08.bmp,1,5,1,Attacked_Data/trainval/backdoor0463.pkl
poisoned_models/trainval/poisoned_vggmod_CIFAR-10_0199.pt,mask10.bmp,1,0,7,Attacked_Data/trainval/backdoor0062.pkl
poisoned_models/trainval/poisoned_vggmod_CIFAR-10_0200.pt,mask10.bmp,1,2,6,Attacked_Data/trainval/backdoor0232.pkl
poisoned_models/trainval/poisoned_vggmod_CIFAR-10_0201.pt,mask8.bmp,1,6,5,Attacked_Data/trainval/backdoor0590.pkl
poisoned_models/trainval/poisoned_vggmod_CIFAR-10_0202.pt,mask08.bmp,1,9,3,Attacked_Data/trainval/backdoor0843.pkl
poisoned_models/trainval/poisoned_vggmod_CIFAR-10_0203.pt,mask05.bmp,1,9,3,Attacked_Data/trainval/backdoor0845.pkl
poisoned_models/trainval/poisoned_vggmod_CIFAR-10_0204.pt,mask08.bmp,1,2,4,Attacked_Data/trainval/backdoor0213.pkl
poisoned_models/trainval/poisoned_vggmod_CIFAR-10_0205.pt,mask07.bmp,1,4,6,Attacked_Data/trainval/backdoor0416.pkl
poisoned_models/trainval/poisoned_vggmod_CIFAR-10_0206.pt,mask05.bmp,1,9,8,Attacked_Data/trainval/backdoor0895.pkl
poisoned_models/trainval/poisoned_vggmod_CIFAR-10_0207.pt,mask8.bmp,1,4,0,Attacked_Data/trainval/backdoor0360.pkl
poisoned_models/trainval/poisoned_vggmod_CIFAR-10_0208.pt,mask08.bmp,1,0,8,Attacked_Data/trainval/backdoor0073.pkl
poisoned_models/trainval/poisoned_vggmod_CIFAR-10_0209.pt,mask10.bmp,1,5,6,Attacked_Data/trainval/backdoor0502.pkl
poisoned_models/trainval/poisoned_vggmod_CIFAR-10_0210.pt,mask8.bmp,1,1,0,Attacked_Data/trainval/backdoor0090.pkl
poisoned_models/trainval/poisoned_vggmod_CIFAR-10_0211.pt,mask8.bmp,1,6,2,Attacked_Data/trainval/backdoor0560.pkl
poisoned_models/trainval/poisoned_vggmod_CIFAR-10_0212.pt,mask6.bmp,1,5,8,Attacked_Data/trainval/backdoor0521.pkl
poisoned_models/trainval/poisoned_vggmod_CIFAR-10_0213.pt,mask3.bmp,1,6,4,Attacked_Data/trainval/backdoor0589.pkl
poisoned_models/trainval/poisoned_vggmod_CIFAR-10_0214.pt,mask8.bmp,1,6,0,Attacked_Data/trainval/backdoor0540.pkl
poisoned_models/trainval/poisoned_vggmod_CIFAR-10_0215.pt,mask3.bmp,1,5,7,Attacked_Data/trainval/backdoor0519.pkl
poisoned_models/trainval/poisoned_vggmod_CIFAR-10_0216.pt,mask05.bmp,1,1,8,Attacked_Data/trainval/backdoor0165.pkl
poisoned_models/trainval/poisoned_vggmod_CIFAR-10_0217.pt,mask5.bmp,1,4,1,Attacked_Data/trainval/backdoor0377.pkl
poisoned_models/trainval/poisoned_vggmod_CIFAR-10_0218.pt,mask10.bmp,1,3,7,Attacked_Data/trainval/backdoor0332.pkl
poisoned_models/trainval/poisoned_vggmod_CIFAR-10_0219.pt,mask05.bmp,1,0,9,Attacked_Data/trainval/backdoor0085.pkl
poisoned_models/trainval/poisoned_vggmod_CIFAR-10_0220.pt,mask07.bmp,1,5,3,Attacked_Data/trainval/backdoor0486.pkl
poisoned_models/trainval/poisoned_vggmod_CIFAR-10_0221.pt,mask10.bmp,1,1,8,Attacked_Data/trainval/backdoor0162.pkl
poisoned_models/trainval/poisoned_vggmod_CIFAR-10_0222.pt,mask00.bmp,1,9,3,Attacked_Data/trainval/backdoor0848.pkl
poisoned_models/trainval/poisoned_vggmod_CIFAR-10_0223.pt,mask00.bmp,1,1,9,Attacked_Data/trainval/backdoor0178.pkl
poisoned_models/trainval/poisoned_vggmod_CIFAR-10_0224.pt,mask6.bmp,1,6,0,Attacked_Data/trainval/backdoor0541.pkl
poisoned_models/trainval/poisoned_vggmod_CIFAR-10_0225.pt,mask00.bmp,1,0,9,Attacked_Data/trainval/backdoor0088.pkl
poisoned_models/trainval/poisoned_vggmod_CIFAR-10_0226.pt,mask05.bmp,1,2,4,Attacked_Data/trainval/backdoor0215.pkl
poisoned_models/trainval/poisoned_vggmod_CIFAR-10_0227.pt,mask9.bmp,1,4,3,Attacked_Data/trainval/backdoor0394.pkl
poisoned_models/trainval/poisoned_vggmod_CIFAR-10_0228.pt,mask5.bmp,1,5,6,Attacked_Data/trainval/backdoor0507.pkl
poisoned_models/trainval/poisoned_vggmod_CIFAR-10_0229.pt,mask3.bmp,1,8,0,Attacked_Data/trainval/backdoor0729.pkl
poisoned_models/trainval/poisoned_vggmod_CIFAR-10_0230.pt,mask3.bmp,1,6,3,Attacked_Data/trainval/backdoor0579.pkl
poisoned_models/trainval/poisoned_vggmod_CIFAR-10_0231.pt,mask08.bmp,1,6,3,Attacked_Data/trainval/backdoor0573.pkl
poisoned_models/trainval/poisoned_vggmod_CIFAR-10_0232.pt,mask07.bmp,1,3,7,Attacked_Data/trainval/backdoor0336.pkl
poisoned_models/trainval/poisoned_vggmod_CIFAR-10_0233.pt,mask9.bmp,1,7,9,Attacked_Data/trainval/backdoor0714.pkl
poisoned_models/trainval/poisoned_vggmod_CIFAR-10_0234.pt,mask5.bmp,1,6,3,Attacked_Data/trainval/backdoor0577.pkl
poisoned_models/trainval/poisoned_vggmod_CIFAR-10_0235.pt,mask5.bmp,1,8,4,Attacked_Data/trainval/backdoor0767.pkl
poisoned_models/trainval/poisoned_vggmod_CIFAR-10_0236.pt,mask07.bmp,1,2,9,Attacked_Data/trainval/backdoor0266.pkl
poisoned_models/trainval/poisoned_vggmod_CIFAR-10_0237.pt,mask10.bmp,1,7,8,Attacked_Data/trainval/backdoor0702.pkl
poisoned_models/trainval/poisoned_vggmod_CIFAR-10_0238.pt,mask8.bmp,1,6,8,Attacked_Data/trainval/backdoor0610.pkl
poisoned_models/trainval/poisoned_vggmod_CIFAR-10_0239.pt,mask6.bmp,1,0,6,Attacked_Data/trainval/backdoor0051.pkl
poisoned_models/trainval/poisoned_vggmod_CIFAR-10_0240.pt,mask10.bmp,1,5,9,Attacked_Data/trainval/backdoor0532.pkl
poisoned_models/trainval/poisoned_vggmod_CIFAR-10_0241.pt,mask10.bmp,1,1,3,Attacked_Data/trainval/backdoor0112.pkl
poisoned_models/trainval/poisoned_vggmod_CIFAR-10_0242.pt,mask07.bmp,1,6,2,Attacked_Data/trainval/backdoor0566.pkl
poisoned_models/trainval/poisoned_vggmod_CIFAR-10_0243.pt,mask08.bmp,1,6,5,Attacked_Data/trainval/backdoor0593.pkl
poisoned_models/trainval/poisoned_vggmod_CIFAR-10_0244.pt,mask3.bmp,1,9,8,Attacked_Data/trainval/backdoor0899.pkl
poisoned_models/trainval/poisoned_vggmod_CIFAR-10_0245.pt,mask3.bmp,1,1,8,Attacked_Data/trainval/backdoor0169.pkl
poisoned_models/trainval/poisoned_vggmod_CIFAR-10_0246.pt,mask8.bmp,1,2,3,Attacked_Data/trainval/backdoor0200.pkl
poisoned_models/trainval/poisoned_vggmod_CIFAR-10_0247.pt,mask3.bmp,1,1,9,Attacked_Data/trainval/backdoor0179.pkl
poisoned_models/trainval/poisoned_vggmod_CIFAR-10_0248.pt,mask5.bmp,1,1,4,Attacked_Data/trainval/backdoor0127.pkl
poisoned_models/trainval/poisoned_vggmod_CIFAR-10_0249.pt,mask5.bmp,1,5,4,Attacked_Data/trainval/backdoor0497.pkl
poisoned_models/trainval/poisoned_vggmod_CIFAR-10_0250.pt,mask05.bmp,1,5,4,Attacked_Data/trainval/backdoor0495.pkl
poisoned_models/trainval/poisoned_vggmod_CIFAR-10_0251.pt,mask05.bmp,1,4,3,Attacked_Data/trainval/backdoor0395.pkl
poisoned_models/trainval/poisoned_vggmod_CIFAR-10_0252.pt,mask3.bmp,1,0,2,Attacked_Data/trainval/backdoor0019.pkl
poisoned_models/trainval/poisoned_vggmod_CIFAR-10_0253.pt,mask3.bmp,1,3,8,Attacked_Data/trainval/backdoor0349.pkl
poisoned_models/trainval/poisoned_vggmod_CIFAR-10_0254.pt,mask9.bmp,1,1,6,Attacked_Data/trainval/backdoor0144.pkl
poisoned_models/trainval/poisoned_vggmod_CIFAR-10_0255.pt,mask3.bmp,1,6,0,Attacked_Data/trainval/backdoor0549.pkl
poisoned_models/trainval/poisoned_vggmod_CIFAR-10_0256.pt,mask10.bmp,1,1,0,Attacked_Data/trainval/backdoor0092.pkl
poisoned_models/trainval/poisoned_vggmod_CIFAR-10_0257.pt,mask05.bmp,1,7,5,Attacked_Data/trainval/backdoor0685.pkl
poisoned_models/trainval/poisoned_vggmod_CIFAR-10_0258.pt,mask5.bmp,1,0,6,Attacked_Data/trainval/backdoor0057.pkl
poisoned_models/trainval/poisoned_vggmod_CIFAR-10_0259.pt,mask05.bmp,1,2,0,Attacked_Data/trainval/backdoor0185.pkl
poisoned_models/trainval/poisoned_vggmod_CIFAR-10_0260.pt,mask6.bmp,1,8,5,Attacked_Data/trainval/backdoor0771.pkl
poisoned_models/trainval/poisoned_vggmod_CIFAR-10_0261.pt,mask6.bmp,1,0,3,Attacked_Data/trainval/backdoor0021.pkl
poisoned_models/trainval/poisoned_vggmod_CIFAR-10_0262.pt,mask5.bmp,1,1,3,Attacked_Data/trainval/backdoor0117.pkl
poisoned_models/trainval/poisoned_vggmod_CIFAR-10_0263.pt,mask08.bmp,1,5,4,Attacked_Data/trainval/backdoor0493.pkl
poisoned_models/trainval/poisoned_vggmod_CIFAR-10_0264.pt,mask05.bmp,1,9,5,Attacked_Data/trainval/backdoor0865.pkl
poisoned_models/trainval/poisoned_vggmod_CIFAR-10_0265.pt,mask6.bmp,1,1,2,Attacked_Data/trainval/backdoor0101.pkl
poisoned_models/trainval/poisoned_vggmod_CIFAR-10_0266.pt,mask00.bmp,1,8,6,Attacked_Data/trainval/backdoor0788.pkl
poisoned_models/trainval/poisoned_vggmod_CIFAR-10_0267.pt,mask9.bmp,1,8,0,Attacked_Data/trainval/backdoor0724.pkl
poisoned_models/trainval/poisoned_vggmod_CIFAR-10_0268.pt,mask07.bmp,1,0,2,Attacked_Data/trainval/backdoor0016.pkl
poisoned_models/trainval/poisoned_vggmod_CIFAR-10_0269.pt,mask05.bmp,1,5,9,Attacked_Data/trainval/backdoor0535.pkl
poisoned_models/trainval/poisoned_vggmod_CIFAR-10_0270.pt,mask05.bmp,1,3,1,Attacked_Data/trainval/backdoor0285.pkl
poisoned_models/trainval/poisoned_vggmod_CIFAR-10_0271.pt,mask5.bmp,1,9,1,Attacked_Data/trainval/backdoor0827.pkl
poisoned_models/trainval/poisoned_vggmod_CIFAR-10_0272.pt,mask8.bmp,1,9,3,Attacked_Data/trainval/backdoor0840.pkl
poisoned_models/trainval/poisoned_vggmod_CIFAR-10_0273.pt,mask05.bmp,1,4,9,Attacked_Data/trainval/backdoor0445.pkl
poisoned_models/trainval/poisoned_vggmod_CIFAR-10_0274.pt,mask9.bmp,1,8,7,Attacked_Data/trainval/backdoor0794.pkl
poisoned_models/trainval/poisoned_vggmod_CIFAR-10_0275.pt,mask3.bmp,1,1,5,Attacked_Data/trainval/backdoor0139.pkl
poisoned_models/trainval/poisoned_vggmod_CIFAR-10_0276.pt,mask05.bmp,1,1,3,Attacked_Data/trainval/backdoor0115.pkl
poisoned_models/trainval/poisoned_vggmod_CIFAR-10_0277.pt,mask07.bmp,1,0,3,Attacked_Data/trainval/backdoor0026.pkl
poisoned_models/trainval/poisoned_vggmod_CIFAR-10_0278.pt,mask3.bmp,1,9,0,Attacked_Data/trainval/backdoor0819.pkl
poisoned_models/trainval/poisoned_vggmod_CIFAR-10_0279.pt,mask00.bmp,1,3,9,Attacked_Data/trainval/backdoor0358.pkl
poisoned_models/trainval/poisoned_vggmod_CIFAR-10_0280.pt,mask10.bmp,1,8,5,Attacked_Data/trainval/backdoor0772.pkl
poisoned_models/trainval/poisoned_vggmod_CIFAR-10_0281.pt,mask05.bmp,1,4,2,Attacked_Data/trainval/backdoor0385.pkl
poisoned_models/trainval/poisoned_vggmod_CIFAR-10_0282.pt,mask3.bmp,1,3,9,Attacked_Data/trainval/backdoor0359.pkl
poisoned_models/trainval/poisoned_vggmod_CIFAR-10_0283.pt,mask3.bmp,1,0,4,Attacked_Data/trainval/backdoor0039.pkl
poisoned_models/trainval/poisoned_vggmod_CIFAR-10_0284.pt,mask5.bmp,1,6,5,Attacked_Data/trainval/backdoor0597.pkl
poisoned_models/trainval/poisoned_vggmod_CIFAR-10_0285.pt,mask05.bmp,1,5,2,Attacked_Data/trainval/backdoor0475.pkl
poisoned_models/trainval/poisoned_vggmod_CIFAR-10_0286.pt,mask10.bmp,1,8,7,Attacked_Data/trainval/backdoor0792.pkl
poisoned_models/trainval/poisoned_vggmod_CIFAR-10_0287.pt,mask8.bmp,1,1,4,Attacked_Data/trainval/backdoor0120.pkl
poisoned_models/trainval/poisoned_vggmod_CIFAR-10_0288.pt,mask08.bmp,1,8,5,Attacked_Data/trainval/backdoor0773.pkl
poisoned_models/trainval/poisoned_vggmod_CIFAR-10_0289.pt,mask5.bmp,1,7,5,Attacked_Data/trainval/backdoor0687.pkl
poisoned_models/trainval/poisoned_vggmod_CIFAR-10_0290.pt,mask05.bmp,1,3,8,Attacked_Data/trainval/backdoor0345.pkl
poisoned_models/trainval/poisoned_vggmod_CIFAR-10_0291.pt,mask5.bmp,1,5,8,Attacked_Data/trainval/backdoor0527.pkl
poisoned_models/trainval/poisoned_vggmod_CIFAR-10_0292.pt,mask6.bmp,1,4,0,Attacked_Data/trainval/backdoor0361.pkl
poisoned_models/trainval/poisoned_vggmod_CIFAR-10_0293.pt,mask9.bmp,1,2,1,Attacked_Data/trainval/backdoor0194.pkl
poisoned_models/trainval/poisoned_vggmod_CIFAR-10_0294.pt,mask10.bmp,1,2,9,Attacked_Data/trainval/backdoor0262.pkl
poisoned_models/trainval/poisoned_vggmod_CIFAR-10_0295.pt,mask8.bmp,1,9,6,Attacked_Data/trainval/backdoor0870.pkl
poisoned_models/trainval/poisoned_vggmod_CIFAR-10_0296.pt,mask9.bmp,1,2,8,Attacked_Data/trainval/backdoor0254.pkl
poisoned_models/trainval/poisoned_vggmod_CIFAR-10_0297.pt,mask10.bmp,1,3,0,Attacked_Data/trainval/backdoor0272.pkl
poisoned_models/trainval/poisoned_vggmod_CIFAR-10_0298.pt,mask5.bmp,1,6,4,Attacked_Data/trainval/backdoor0587.pkl
poisoned_models/trainval/poisoned_vggmod_CIFAR-10_0299.pt,mask3.bmp,1,8,3,Attacked_Data/trainval/backdoor0759.pkl
poisoned_models/trainval/poisoned_vggmod_CIFAR-10_0300.pt,mask6.bmp,1,2,3,Attacked_Data/trainval/backdoor0201.pkl
poisoned_models/trainval/poisoned_vggmod_CIFAR-10_0301.pt,mask08.bmp,1,1,8,Attacked_Data/trainval/backdoor0163.pkl
poisoned_models/trainval/poisoned_vggmod_CIFAR-10_0302.pt,mask07.bmp,1,2,5,Attacked_Data/trainval/backdoor0226.pkl
poisoned_models/trainval/poisoned_vggmod_CIFAR-10_0303.pt,mask07.bmp,1,7,6,Attacked_Data/trainval/backdoor0696.pkl
poisoned_models/trainval/poisoned_vggmod_CIFAR-10_0304.pt,mask05.bmp,1,6,9,Attacked_Data/trainval/backdoor0625.pkl
poisoned_models/trainval/poisoned_vggmod_CIFAR-10_0305.pt,mask08.bmp,1,0,6,Attacked_Data/trainval/backdoor0053.pkl
poisoned_models/trainval/poisoned_vggmod_CIFAR-10_0306.pt,mask07.bmp,1,8,2,Attacked_Data/trainval/backdoor0746.pkl
poisoned_models/trainval/poisoned_vggmod_CIFAR-10_0307.pt,mask07.bmp,1,6,9,Attacked_Data/trainval/backdoor0626.pkl
poisoned_models/trainval/poisoned_vggmod_CIFAR-10_0308.pt,mask08.bmp,1,9,2,Attacked_Data/trainval/backdoor0833.pkl
poisoned_models/trainval/poisoned_vggmod_CIFAR-10_0309.pt,mask3.bmp,1,4,8,Attacked_Data/trainval/backdoor0439.pkl
poisoned_models/trainval/poisoned_vggmod_CIFAR-10_0310.pt,mask5.bmp,1,2,1,Attacked_Data/trainval/backdoor0197.pkl
poisoned_models/trainval/poisoned_vggmod_CIFAR-10_0311.pt,mask10.bmp,1,3,4,Attacked_Data/trainval/backdoor0302.pkl
poisoned_models/trainval/poisoned_vggmod_CIFAR-10_0312.pt,mask10.bmp,1,5,7,Attacked_Data/trainval/backdoor0512.pkl
poisoned_models/trainval/poisoned_vggmod_CIFAR-10_0313.pt,mask6.bmp,1,3,4,Attacked_Data/trainval/backdoor0301.pkl
poisoned_models/trainval/poisoned_vggmod_CIFAR-10_0314.pt,mask3.bmp,1,7,0,Attacked_Data/trainval/backdoor0639.pkl
poisoned_models/trainval/poisoned_vggmod_CIFAR-10_0315.pt,mask00.bmp,1,5,4,Attacked_Data/trainval/backdoor0498.pkl
poisoned_models/trainval/poisoned_vggmod_CIFAR-10_0316.pt,mask9.bmp,1,8,5,Attacked_Data/trainval/backdoor0774.pkl
poisoned_models/trainval/poisoned_vggmod_CIFAR-10_0317.pt,mask05.bmp,1,0,8,Attacked_Data/trainval/backdoor0075.pkl
poisoned_models/trainval/poisoned_vggmod_CIFAR-10_0318.pt,mask9.bmp,1,6,3,Attacked_Data/trainval/backdoor0574.pkl
poisoned_models/trainval/poisoned_vggmod_CIFAR-10_0319.pt,mask5.bmp,1,7,6,Attacked_Data/trainval/backdoor0697.pkl
poisoned_models/trainval/poisoned_vggmod_CIFAR-10_0320.pt,mask6.bmp,1,3,8,Attacked_Data/trainval/backdoor0341.pkl
poisoned_models/trainval/poisoned_vggmod_CIFAR-10_0321.pt,mask07.bmp,1,4,9,Attacked_Data/trainval/backdoor0446.pkl
poisoned_models/trainval/poisoned_vggmod_CIFAR-10_0322.pt,mask8.bmp,1,7,4,Attacked_Data/trainval/backdoor0670.pkl
poisoned_models/trainval/poisoned_vggmod_CIFAR-10_0323.pt,mask8.bmp,1,2,1,Attacked_Data/trainval/backdoor0190.pkl
poisoned_models/trainval/poisoned_vggmod_CIFAR-10_0324.pt,mask08.bmp,1,8,9,Attacked_Data/trainval/backdoor0803.pkl
poisoned_models/trainval/poisoned_vggmod_CIFAR-10_0325.pt,mask10.bmp,1,6,0,Attacked_Data/trainval/backdoor0542.pkl
poisoned_models/trainval/poisoned_vggmod_CIFAR-10_0326.pt,mask8.bmp,1,6,1,Attacked_Data/trainval/backdoor0550.pkl
poisoned_models/trainval/poisoned_vggmod_CIFAR-10_0327.pt,mask8.bmp,1,0,3,Attacked_Data/trainval/backdoor0020.pkl
poisoned_models/trainval/poisoned_vggmod_CIFAR-10_0328.pt,mask10.bmp,1,6,8,Attacked_Data/trainval/backdoor0612.pkl
poisoned_models/trainval/poisoned_vggmod_CIFAR-10_0329.pt,mask5.bmp,1,1,2,Attacked_Data/trainval/backdoor0107.pkl
poisoned_models/trainval/poisoned_vggmod_CIFAR-10_0330.pt,mask00.bmp,1,6,1,Attacked_Data/trainval/backdoor0558.pkl
poisoned_models/trainval/poisoned_vggmod_CIFAR-10_0331.pt,mask5.bmp,1,5,0,Attacked_Data/trainval/backdoor0457.pkl
poisoned_models/trainval/poisoned_vggmod_CIFAR-10_0332.pt,mask5.bmp,1,9,2,Attacked_Data/trainval/backdoor0837.pkl
poisoned_models/trainval/poisoned_vggmod_CIFAR-10_0333.pt,mask3.bmp,1,5,4,Attacked_Data/trainval/backdoor0499.pkl
poisoned_models/trainval/poisoned_vggmod_CIFAR-10_0334.pt,mask9.bmp,1,0,5,Attacked_Data/trainval/backdoor0044.pkl
poisoned_models/trainval/poisoned_vggmod_CIFAR-10_0335.pt,mask6.bmp,1,3,2,Attacked_Data/trainval/backdoor0291.pkl
poisoned_models/trainval/poisoned_vggmod_CIFAR-10_0336.pt,mask10.bmp,1,6,1,Attacked_Data/trainval/backdoor0552.pkl
poisoned_models/trainval/poisoned_vggmod_CIFAR-10_0337.pt,mask10.bmp,1,6,5,Attacked_Data/trainval/backdoor0592.pkl
poisoned_models/trainval/poisoned_vggmod_CIFAR-10_0338.pt,mask6.bmp,1,2,7,Attacked_Data/trainval/backdoor0241.pkl
poisoned_models/trainval/poisoned_vggmod_CIFAR-10_0339.pt,mask3.bmp,1,5,8,Attacked_Data/trainval/backdoor0529.pkl
poisoned_models/trainval/poisoned_vggmod_CIFAR-10_0340.pt,mask08.bmp,1,3,9,Attacked_Data/trainval/backdoor0353.pkl
poisoned_models/trainval/poisoned_vggmod_CIFAR-10_0341.pt,mask10.bmp,1,8,4,Attacked_Data/trainval/backdoor0762.pkl
poisoned_models/trainval/poisoned_vggmod_CIFAR-10_0342.pt,mask10.bmp,1,5,1,Attacked_Data/trainval/backdoor0462.pkl
poisoned_models/trainval/poisoned_vggmod_CIFAR-10_0343.pt,mask5.bmp,1,6,1,Attacked_Data/trainval/backdoor0557.pkl
poisoned_models/trainval/poisoned_vggmod_CIFAR-10_0344.pt,mask3.bmp,1,6,1,Attacked_Data/trainval/backdoor0559.pkl
poisoned_models/trainval/poisoned_vggmod_CIFAR-10_0345.pt,mask00.bmp,1,4,8,Attacked_Data/trainval/backdoor0438.pkl
poisoned_models/trainval/poisoned_vggmod_CIFAR-10_0346.pt,mask05.bmp,1,8,2,Attacked_Data/trainval/backdoor0745.pkl
poisoned_models/trainval/poisoned_vggmod_CIFAR-10_0347.pt,mask5.bmp,1,8,9,Attacked_Data/trainval/backdoor0807.pkl
poisoned_models/trainval/poisoned_vggmod_CIFAR-10_0348.pt,mask05.bmp,1,5,3,Attacked_Data/trainval/backdoor0485.pkl
poisoned_models/trainval/poisoned_vggmod_CIFAR-10_0349.pt,mask07.bmp,1,8,6,Attacked_Data/trainval/backdoor0786.pkl
poisoned_models/trainval/poisoned_vggmod_CIFAR-10_0350.pt,mask08.bmp,1,1,0,Attacked_Data/trainval/backdoor0093.pkl
poisoned_models/trainval/poisoned_vggmod_CIFAR-10_0351.pt,mask10.bmp,1,5,8,Attacked_Data/trainval/backdoor0522.pkl
poisoned_models/trainval/poisoned_vggmod_CIFAR-10_0352.pt,mask05.bmp,1,9,1,Attacked_Data/trainval/backdoor0825.pkl
poisoned_models/trainval/poisoned_vggmod_CIFAR-10_0353.pt,mask9.bmp,1,2,9,Attacked_Data/trainval/backdoor0264.pkl
poisoned_models/trainval/poisoned_vggmod_CIFAR-10_0354.pt,mask9.bmp,1,2,0,Attacked_Data/trainval/backdoor0184.pkl
poisoned_models/trainval/poisoned_vggmod_CIFAR-10_0355.pt,mask08.bmp,1,0,4,Attacked_Data/trainval/backdoor0033.pkl
poisoned_models/trainval/poisoned_vggmod_CIFAR-10_0356.pt,mask00.bmp,1,1,6,Attacked_Data/trainval/backdoor0148.pkl
poisoned_models/trainval/poisoned_vggmod_CIFAR-10_0357.pt,mask08.bmp,1,8,3,Attacked_Data/trainval/backdoor0753.pkl
poisoned_models/trainval/poisoned_vggmod_CIFAR-10_0358.pt,mask08.bmp,1,4,2,Attacked_Data/trainval/backdoor0383.pkl
poisoned_models/trainval/poisoned_vggmod_CIFAR-10_0359.pt,mask00.bmp,1,3,7,Attacked_Data/trainval/backdoor0338.pkl
poisoned_models/trainval/poisoned_vggmod_CIFAR-10_0360.pt,mask10.bmp,1,6,3,Attacked_Data/trainval/backdoor0572.pkl
poisoned_models/trainval/poisoned_vggmod_CIFAR-10_0361.pt,mask6.bmp,1,7,2,Attacked_Data/trainval/backdoor0651.pkl
poisoned_models/trainval/poisoned_vggmod_CIFAR-10_0362.pt,mask8.bmp,1,8,1,Attacked_Data/trainval/backdoor0730.pkl
poisoned_models/trainval/poisoned_vggmod_CIFAR-10_0363.pt,mask8.bmp,1,9,5,Attacked_Data/trainval/backdoor0860.pkl
poisoned_models/trainval/poisoned_vggmod_CIFAR-10_0364.pt,mask08.bmp,1,8,0,Attacked_Data/trainval/backdoor0723.pkl
poisoned_models/trainval/poisoned_vggmod_CIFAR-10_0365.pt,mask3.bmp,1,6,9,Attacked_Data/trainval/backdoor0629.pkl
poisoned_models/trainval/poisoned_vggmod_CIFAR-10_0366.pt,mask5.bmp,1,2,4,Attacked_Data/trainval/backdoor0217.pkl
poisoned_models/trainval/poisoned_vggmod_CIFAR-10_0367.pt,mask5.bmp,1,1,7,Attacked_Data/trainval/backdoor0157.pkl
poisoned_models/trainval/poisoned_vggmod_CIFAR-10_0368.pt,mask5.bmp,1,3,4,Attacked_Data/trainval/backdoor0307.pkl
poisoned_models/trainval/poisoned_vggmod_CIFAR-10_0369.pt,mask6.bmp,1,0,4,Attacked_Data/trainval/backdoor0031.pkl
poisoned_models/trainval/poisoned_vggmod_CIFAR-10_0370.pt,mask6.bmp,1,4,6,Attacked_Data/trainval/backdoor0411.pkl
poisoned_models/trainval/poisoned_vggmod_CIFAR-10_0371.pt,mask05.bmp,1,6,4,Attacked_Data/trainval/backdoor0585.pkl
poisoned_models/trainval/poisoned_vggmod_CIFAR-10_0372.pt,mask10.bmp,1,7,9,Attacked_Data/trainval/backdoor0712.pkl
poisoned_models/trainval/poisoned_vggmod_CIFAR-10_0373.pt,mask00.bmp,1,0,3,Attacked_Data/trainval/backdoor0028.pkl
poisoned_models/trainval/poisoned_vggmod_CIFAR-10_0374.pt,mask00.bmp,1,8,0,Attacked_Data/trainval/backdoor0728.pkl
poisoned_models/trainval/poisoned_vggmod_CIFAR-10_0375.pt,mask05.bmp,1,0,4,Attacked_Data/trainval/backdoor0035.pkl
poisoned_models/trainval/poisoned_vggmod_CIFAR-10_0376.pt,mask05.bmp,1,4,5,Attacked_Data/trainval/backdoor0405.pkl
poisoned_models/trainval/poisoned_vggmod_CIFAR-10_0377.pt,mask10.bmp,1,1,2,Attacked_Data/trainval/backdoor0102.pkl
poisoned_models/trainval/poisoned_vggmod_CIFAR-10_0378.pt,mask07.bmp,1,7,3,Attacked_Data/trainval/backdoor0666.pkl
poisoned_models/trainval/poisoned_vggmod_CIFAR-10_0379.pt,mask3.bmp,1,0,3,Attacked_Data/trainval/backdoor0029.pkl
poisoned_models/trainval/poisoned_vggmod_CIFAR-10_0380.pt,mask9.bmp,1,7,0,Attacked_Data/trainval/backdoor0634.pkl
poisoned_models/trainval/poisoned_vggmod_CIFAR-10_0381.pt,mask10.bmp,1,2,3,Attacked_Data/trainval/backdoor0202.pkl
poisoned_models/trainval/poisoned_vggmod_CIFAR-10_0382.pt,mask9.bmp,1,1,2,Attacked_Data/trainval/backdoor0104.pkl
poisoned_models/trainval/poisoned_vggmod_CIFAR-10_0383.pt,mask3.bmp,1,5,1,Attacked_Data/trainval/backdoor0469.pkl
poisoned_models/trainval/poisoned_vggmod_CIFAR-10_0384.pt,mask08.bmp,1,0,9,Attacked_Data/trainval/backdoor0083.pkl
poisoned_models/trainval/poisoned_vggmod_CIFAR-10_0385.pt,mask08.bmp,1,3,0,Attacked_Data/trainval/backdoor0273.pkl
poisoned_models/trainval/poisoned_vggmod_CIFAR-10_0386.pt,mask6.bmp,1,0,1,Attacked_Data/trainval/backdoor0001.pkl
poisoned_models/trainval/poisoned_vggmod_CIFAR-10_0387.pt,mask08.bmp,1,9,8,Attacked_Data/trainval/backdoor0893.pkl
poisoned_models/trainval/poisoned_vggmod_CIFAR-10_0388.pt,mask08.bmp,1,6,2,Attacked_Data/trainval/backdoor0563.pkl
poisoned_models/trainval/poisoned_vggmod_CIFAR-10_0389.pt,mask5.bmp,1,2,6,Attacked_Data/trainval/backdoor0237.pkl
poisoned_models/trainval/poisoned_vggmod_CIFAR-10_0390.pt,mask6.bmp,1,3,5,Attacked_Data/trainval/backdoor0311.pkl
poisoned_models/trainval/poisoned_vggmod_CIFAR-10_0391.pt,mask8.bmp,1,0,4,Attacked_Data/trainval/backdoor0030.pkl
poisoned_models/trainval/poisoned_vggmod_CIFAR-10_0392.pt,mask8.bmp,1,8,0,Attacked_Data/trainval/backdoor0720.pkl
poisoned_models/trainval/poisoned_vggmod_CIFAR-10_0393.pt,mask07.bmp,1,4,0,Attacked_Data/trainval/backdoor0366.pkl
poisoned_models/trainval/poisoned_vggmod_CIFAR-10_0394.pt,mask07.bmp,1,5,9,Attacked_Data/trainval/backdoor0536.pkl
poisoned_models/trainval/poisoned_vggmod_CIFAR-10_0395.pt,mask5.bmp,1,0,9,Attacked_Data/trainval/backdoor0087.pkl
poisoned_models/trainval/poisoned_vggmod_CIFAR-10_0396.pt,mask8.bmp,1,7,1,Attacked_Data/trainval/backdoor0640.pkl
poisoned_models/trainval/poisoned_vggmod_CIFAR-10_0397.pt,mask5.bmp,1,4,5,Attacked_Data/trainval/backdoor0407.pkl
poisoned_models/trainval/poisoned_vggmod_CIFAR-10_0398.pt,mask08.bmp,1,6,7,Attacked_Data/trainval/backdoor0603.pkl
poisoned_models/trainval/poisoned_vggmod_CIFAR-10_0399.pt,mask10.bmp,1,0,9,Attacked_Data/trainval/backdoor0082.pkl
poisoned_models/trainval/poisoned_vggmod_CIFAR-10_0400.pt,mask08.bmp,1,9,6,Attacked_Data/trainval/backdoor0873.pkl
poisoned_models/trainval/poisoned_vggmod_CIFAR-10_0401.pt,mask9.bmp,1,9,5,Attacked_Data/trainval/backdoor0864.pkl
poisoned_models/trainval/poisoned_vggmod_CIFAR-10_0402.pt,mask05.bmp,1,8,9,Attacked_Data/trainval/backdoor0805.pkl
poisoned_models/trainval/poisoned_vggmod_CIFAR-10_0403.pt,mask6.bmp,1,9,2,Attacked_Data/trainval/backdoor0831.pkl
poisoned_models/trainval/poisoned_vggmod_CIFAR-10_0404.pt,mask5.bmp,1,3,1,Attacked_Data/trainval/backdoor0287.pkl
poisoned_models/trainval/poisoned_vggmod_CIFAR-10_0405.pt,mask6.bmp,1,3,0,Attacked_Data/trainval/backdoor0271.pkl
poisoned_models/trainval/poisoned_vggmod_CIFAR-10_0406.pt,mask07.bmp,1,5,4,Attacked_Data/trainval/backdoor0496.pkl
poisoned_models/trainval/poisoned_vggmod_CIFAR-10_0407.pt,mask9.bmp,1,5,7,Attacked_Data/trainval/backdoor0514.pkl
poisoned_models/trainval/poisoned_vggmod_CIFAR-10_0408.pt,mask8.bmp,1,9,0,Attacked_Data/trainval/backdoor0810.pkl
poisoned_models/trainval/poisoned_vggmod_CIFAR-10_0409.pt,mask5.bmp,1,3,8,Attacked_Data/trainval/backdoor0347.pkl
poisoned_models/trainval/poisoned_vggmod_CIFAR-10_0410.pt,mask6.bmp,1,0,5,Attacked_Data/trainval/backdoor0041.pkl
poisoned_models/trainval/poisoned_vggmod_CIFAR-10_0411.pt,mask9.bmp,1,4,7,Attacked_Data/trainval/backdoor0424.pkl
poisoned_models/trainval/poisoned_vggmod_CIFAR-10_0412.pt,mask9.bmp,1,1,9,Attacked_Data/trainval/backdoor0174.pkl
poisoned_models/trainval/poisoned_vggmod_CIFAR-10_0413.pt,mask08.bmp,1,6,0,Attacked_Data/trainval/backdoor0543.pkl
poisoned_models/trainval/poisoned_vggmod_CIFAR-10_0414.pt,mask00.bmp,1,7,8,Attacked_Data/trainval/backdoor0708.pkl
poisoned_models/trainval/poisoned_vggmod_CIFAR-10_0415.pt,mask8.bmp,1,1,8,Attacked_Data/trainval/backdoor0160.pkl
poisoned_models/trainval/poisoned_vggmod_CIFAR-10_0416.pt,mask00.bmp,1,6,0,Attacked_Data/trainval/backdoor0548.pkl
poisoned_models/trainval/poisoned_vggmod_CIFAR-10_0417.pt,mask3.bmp,1,6,7,Attacked_Data/trainval/backdoor0609.pkl
poisoned_models/trainval/poisoned_vggmod_CIFAR-10_0418.pt,mask6.bmp,1,5,2,Attacked_Data/trainval/backdoor0471.pkl
poisoned_models/trainval/poisoned_vggmod_CIFAR-10_0419.pt,mask10.bmp,1,7,1,Attacked_Data/trainval/backdoor0642.pkl
poisoned_models/trainval/poisoned_vggmod_CIFAR-10_0420.pt,mask5.bmp,1,9,8,Attacked_Data/trainval/backdoor0897.pkl
poisoned_models/trainval/poisoned_vggmod_CIFAR-10_0421.pt,mask00.bmp,1,5,7,Attacked_Data/trainval/backdoor0518.pkl
poisoned_models/trainval/poisoned_vggmod_CIFAR-10_0422.pt,mask8.bmp,1,6,7,Attacked_Data/trainval/backdoor0600.pkl
poisoned_models/trainval/poisoned_vggmod_CIFAR-10_0423.pt,mask10.bmp,1,3,2,Attacked_Data/trainval/backdoor0292.pkl
poisoned_models/trainval/poisoned_vggmod_CIFAR-10_0424.pt,mask07.bmp,1,5,1,Attacked_Data/trainval/backdoor0466.pkl
poisoned_models/trainval/poisoned_vggmod_CIFAR-10_0425.pt,mask10.bmp,1,2,8,Attacked_Data/trainval/backdoor0252.pkl
poisoned_models/trainval/poisoned_vggmod_CIFAR-10_0426.pt,mask00.bmp,1,5,9,Attacked_Data/trainval/backdoor0538.pkl
poisoned_models/trainval/poisoned_vggmod_CIFAR-10_0427.pt,mask5.bmp,1,8,7,Attacked_Data/trainval/backdoor0797.pkl
poisoned_models/trainval/poisoned_vggmod_CIFAR-10_0428.pt,mask07.bmp,1,3,0,Attacked_Data/trainval/backdoor0276.pkl
poisoned_models/trainval/poisoned_vggmod_CIFAR-10_0429.pt,mask5.bmp,1,5,1,Attacked_Data/trainval/backdoor0467.pkl
poisoned_models/trainval/poisoned_vggmod_CIFAR-10_0430.pt,mask8.bmp,1,4,8,Attacked_Data/trainval/backdoor0430.pkl
poisoned_models/trainval/poisoned_vggmod_CIFAR-10_0431.pt,mask9.bmp,1,7,8,Attacked_Data/trainval/backdoor0704.pkl
poisoned_models/trainval/poisoned_vggmod_CIFAR-10_0432.pt,mask6.bmp,1,6,2,Attacked_Data/trainval/backdoor0561.pkl
poisoned_models/trainval/poisoned_vggmod_CIFAR-10_0433.pt,mask05.bmp,1,0,6,Attacked_Data/trainval/backdoor0055.pkl
poisoned_models/trainval/poisoned_vggmod_CIFAR-10_0434.pt,mask9.bmp,1,5,0,Attacked_Data/trainval/backdoor0454.pkl
poisoned_models/trainval/poisoned_vggmod_CIFAR-10_0435.pt,mask8.bmp,1,7,2,Attacked_Data/trainval/backdoor0650.pkl
poisoned_models/trainval/poisoned_vggmod_CIFAR-10_0436.pt,mask8.bmp,1,8,3,Attacked_Data/trainval/backdoor0750.pkl
poisoned_models/trainval/poisoned_vggmod_CIFAR-10_0437.pt,mask9.bmp,1,5,2,Attacked_Data/trainval/backdoor0474.pkl
poisoned_models/trainval/poisoned_vggmod_CIFAR-10_0438.pt,mask05.bmp,1,3,5,Attacked_Data/trainval/backdoor0315.pkl
poisoned_models/trainval/poisoned_vggmod_CIFAR-10_0439.pt,mask00.bmp,1,4,6,Attacked_Data/trainval/backdoor0418.pkl
poisoned_models/trainval/poisoned_vggmod_CIFAR-10_0440.pt,mask07.bmp,1,8,9,Attacked_Data/trainval/backdoor0806.pkl
poisoned_models/trainval/poisoned_vggmod_CIFAR-10_0441.pt,mask9.bmp,1,4,8,Attacked_Data/trainval/backdoor0434.pkl
poisoned_models/trainval/poisoned_vggmod_CIFAR-10_0442.pt,mask05.bmp,1,8,4,Attacked_Data/trainval/backdoor0765.pkl
poisoned_models/trainval/poisoned_vggmod_CIFAR-10_0443.pt,mask00.bmp,1,5,6,Attacked_Data/trainval/backdoor0508.pkl
poisoned_models/trainval/poisoned_vggmod_CIFAR-10_0444.pt,mask6.bmp,1,3,9,Attacked_Data/trainval/backdoor0351.pkl
poisoned_models/trainval/poisoned_vggmod_CIFAR-10_0445.pt,mask05.bmp,1,4,1,Attacked_Data/trainval/backdoor0375.pkl
poisoned_models/trainval/poisoned_vggmod_CIFAR-10_0446.pt,mask3.bmp,1,7,3,Attacked_Data/trainval/backdoor0669.pkl
poisoned_models/trainval/poisoned_vggmod_CIFAR-10_0447.pt,mask6.bmp,1,7,3,Attacked_Data/trainval/backdoor0661.pkl
poisoned_models/trainval/poisoned_vggmod_CIFAR-10_0448.pt,mask6.bmp,1,6,9,Attacked_Data/trainval/backdoor0621.pkl
poisoned_models/trainval/poisoned_vggmod_CIFAR-10_0449.pt,mask8.bmp,1,2,6,Attacked_Data/trainval/backdoor0230.pkl
poisoned_models/trainval/poisoned_vggmod_CIFAR-10_0450.pt,mask3.bmp,1,0,7,Attacked_Data/trainval/backdoor0069.pkl
poisoned_models/trainval/poisoned_vggmod_CIFAR-10_0451.pt,mask05.bmp,1,0,1,Attacked_Data/trainval/backdoor0005.pkl
poisoned_models/trainval/poisoned_vggmod_CIFAR-10_0452.pt,mask6.bmp,1,5,4,Attacked_Data/trainval/backdoor0491.pkl
poisoned_models/trainval/poisoned_vggmod_CIFAR-10_0453.pt,mask08.bmp,1,3,1,Attacked_Data/trainval/backdoor0283.pkl
poisoned_models/trainval/poisoned_vggmod_CIFAR-10_0454.pt,mask05.bmp,1,2,9,Attacked_Data/trainval/backdoor0265.pkl
poisoned_models/trainval/poisoned_vggmod_CIFAR-10_0455.pt,mask10.bmp,1,8,6,Attacked_Data/trainval/backdoor0782.pkl
poisoned_models/trainval/poisoned_vggmod_CIFAR-10_0456.pt,mask6.bmp,1,2,6,Attacked_Data/trainval/backdoor0231.pkl
poisoned_models/trainval/poisoned_vggmod_CIFAR-10_0457.pt,mask00.bmp,1,1,5,Attacked_Data/trainval/backdoor0138.pkl
poisoned_models/trainval/poisoned_vggmod_CIFAR-10_0458.pt,mask6.bmp,1,8,1,Attacked_Data/trainval/backdoor0731.pkl
poisoned_models/trainval/poisoned_vggmod_CIFAR-10_0459.pt,mask9.bmp,1,1,7,Attacked_Data/trainval/backdoor0154.pkl
poisoned_models/trainval/poisoned_vggmod_CIFAR-10_0460.pt,mask8.bmp,1,3,4,Attacked_Data/trainval/backdoor0300.pkl
poisoned_models/trainval/poisoned_vggmod_CIFAR-10_0461.pt,mask3.bmp,1,3,6,Attacked_Data/trainval/backdoor0329.pkl
poisoned_models/trainval/poisoned_vggmod_CIFAR-10_0462.pt,mask3.bmp,1,4,5,Attacked_Data/trainval/backdoor0409.pkl
poisoned_models/trainval/poisoned_vggmod_CIFAR-10_0463.pt,mask05.bmp,1,1,7,Attacked_Data/trainval/backdoor0155.pkl
poisoned_models/trainval/poisoned_vggmod_CIFAR-10_0464.pt,mask07.bmp,1,0,5,Attacked_Data/trainval/backdoor0046.pkl
poisoned_models/trainval/poisoned_vggmod_CIFAR-10_0465.pt,mask6.bmp,1,4,7,Attacked_Data/trainval/backdoor0421.pkl
poisoned_models/trainval/poisoned_vggmod_CIFAR-10_0466.pt,mask10.bmp,1,3,1,Attacked_Data/trainval/backdoor0282.pkl
poisoned_models/trainval/poisoned_vggmod_CIFAR-10_0467.pt,mask10.bmp,1,7,4,Attacked_Data/trainval/backdoor0672.pkl
poisoned_models/trainval/poisoned_vggmod_CIFAR-10_0468.pt,mask8.bmp,1,3,8,Attacked_Data/trainval/backdoor0340.pkl
poisoned_models/trainval/poisoned_vggmod_CIFAR-10_0469.pt,mask5.bmp,1,8,5,Attacked_Data/trainval/backdoor0777.pkl
poisoned_models/trainval/poisoned_vggmod_CIFAR-10_0470.pt,mask07.bmp,1,2,6,Attacked_Data/trainval/backdoor0236.pkl
poisoned_models/trainval/poisoned_vggmod_CIFAR-10_0471.pt,mask8.bmp,1,4,2,Attacked_Data/trainval/backdoor0380.pkl
poisoned_models/trainval/poisoned_vggmod_CIFAR-10_0472.pt,mask08.bmp,1,4,9,Attacked_Data/trainval/backdoor0443.pkl
poisoned_models/trainval/poisoned_vggmod_CIFAR-10_0473.pt,mask07.bmp,1,1,3,Attacked_Data/trainval/backdoor0116.pkl
poisoned_models/trainval/poisoned_vggmod_CIFAR-10_0474.pt,mask08.bmp,1,7,3,Attacked_Data/trainval/backdoor0663.pkl
poisoned_models/trainval/poisoned_vggmod_CIFAR-10_0475.pt,mask07.bmp,1,8,1,Attacked_Data/trainval/backdoor0736.pkl
poisoned_models/trainval/poisoned_vggmod_CIFAR-10_0476.pt,mask9.bmp,1,6,5,Attacked_Data/trainval/backdoor0594.pkl
poisoned_models/trainval/poisoned_vggmod_CIFAR-10_0477.pt,mask5.bmp,1,4,2,Attacked_Data/trainval/backdoor0387.pkl
poisoned_models/trainval/poisoned_vggmod_CIFAR-10_0478.pt,mask8.bmp,1,2,4,Attacked_Data/trainval/backdoor0210.pkl
poisoned_models/trainval/poisoned_vggmod_CIFAR-10_0479.pt,mask8.bmp,1,0,2,Attacked_Data/trainval/backdoor0010.pkl
poisoned_models/trainval/poisoned_vggmod_CIFAR-10_0480.pt,mask8.bmp,1,7,6,Attacked_Data/trainval/backdoor0690.pkl
poisoned_models/trainval/poisoned_vggmod_CIFAR-10_0481.pt,mask8.bmp,1,5,6,Attacked_Data/trainval/backdoor0500.pkl
poisoned_models/trainval/poisoned_vggmod_CIFAR-10_0482.pt,mask05.bmp,1,8,1,Attacked_Data/trainval/backdoor0735.pkl
poisoned_models/trainval/poisoned_vggmod_CIFAR-10_0483.pt,mask00.bmp,1,9,6,Attacked_Data/trainval/backdoor0878.pkl
poisoned_models/trainval/poisoned_vggmod_CIFAR-10_0484.pt,mask6.bmp,1,7,4,Attacked_Data/trainval/backdoor0671.pkl
poisoned_models/trainval/poisoned_vggmod_CIFAR-10_0485.pt,mask6.bmp,1,8,7,Attacked_Data/trainval/backdoor0791.pkl
poisoned_models/trainval/poisoned_vggmod_CIFAR-10_0486.pt,mask5.bmp,1,4,8,Attacked_Data/trainval/backdoor0437.pkl
poisoned_models/trainval/poisoned_vggmod_CIFAR-10_0487.pt,mask3.bmp,1,4,9,Attacked_Data/trainval/backdoor0449.pkl
poisoned_models/trainval/poisoned_vggmod_CIFAR-10_0488.pt,mask08.bmp,1,4,5,Attacked_Data/trainval/backdoor0403.pkl
poisoned_models/trainval/poisoned_vggmod_CIFAR-10_0489.pt,mask05.bmp,1,9,7,Attacked_Data/trainval/backdoor0885.pkl
poisoned_models/trainval/poisoned_vggmod_CIFAR-10_0490.pt,mask07.bmp,1,0,4,Attacked_Data/trainval/backdoor0036.pkl
poisoned_models/trainval/poisoned_vggmod_CIFAR-10_0491.pt,mask5.bmp,1,0,5,Attacked_Data/trainval/backdoor0047.pkl
poisoned_models/trainval/poisoned_vggmod_CIFAR-10_0492.pt,mask05.bmp,1,8,5,Attacked_Data/trainval/backdoor0775.pkl
poisoned_models/trainval/poisoned_vggmod_CIFAR-10_0493.pt,mask9.bmp,1,3,4,Attacked_Data/trainval/backdoor0304.pkl
poisoned_models/trainval/poisoned_vggmod_CIFAR-10_0494.pt,mask5.bmp,1,4,3,Attacked_Data/trainval/backdoor0397.pkl
poisoned_models/trainval/poisoned_vggmod_CIFAR-10_0495.pt,mask00.bmp,1,9,5,Attacked_Data/trainval/backdoor0868.pkl
poisoned_models/trainval/poisoned_vggmod_CIFAR-10_0496.pt,mask05.bmp,1,1,6,Attacked_Data/trainval/backdoor0145.pkl
poisoned_models/trainval/poisoned_vggmod_CIFAR-10_0497.pt,mask9.bmp,1,0,7,Attacked_Data/trainval/backdoor0064.pkl
poisoned_models/trainval/poisoned_vggmod_CIFAR-10_0498.pt,mask00.bmp,1,6,4,Attacked_Data/trainval/backdoor0588.pkl
poisoned_models/trainval/poisoned_vggmod_CIFAR-10_0499.pt,mask08.bmp,1,7,1,Attacked_Data/trainval/backdoor0643.pkl
